date,provider,network,account_id,shortname,campaign_start_date,campaign_end_date,brand,free_field,adset_name,adset_group,ad_name,display_path,ad_type,device,spend,clicks,imps,conversions,sessions,users,new_users,page_views,Sales
01-10-2021,Platform 2,channel 2,KvHZHCUnRS1G2k25DBXWig==,fighter,01-10-2021,03-10-2021,AMA,SITE,text 2,,Zd+2skv6YeFpQm3rmXiBNQ==umSH0KgpE5d1hk7z89WRYg==,https://www.site.ru,Expanded text ad,Mobile devices with full browsers,1841,3,246,0,4,29,15,81,22.1
01-10-2021,Platform 2,channel 2,KvHZHCUnRS1G2k25DBXWig==,fighter,01-10-2021,03-10-2021,AMA,SITE,text 2,,Zd+2skv6YeFpQm3rmXiBNQ==umSH0KgpE5d1hk7z89WRYg==,https://www.site.ru,Expanded text ad,Mobile devices with full browsers,1841,3,246,0,12,32,20,2,10.4
01-10-2021,Platform 2,channel 2,KvHZHCUnRS1G2k25DBXWig==,fighter,01-10-2021,03-10-2021,AMA,SITE,text 2,,Zd+2skv6YeFpQm3rmXiBNQ==umSH0KgpE5d1hk7z89WRYg==,https://www.site.ru,Expanded text ad,Mobile devices with full browsers,1841,3,246,0,23,15,15,68,9.3
01-10-2021,Platform 2,channel 2,KvHZHCUnRS1G2k25DBXWig==,fighter,01-10-2021,03-10-2021,AMA,SITE,text 2,,Zd+2skv6YeFpQm3rmXiBNQ==umSH0KgpE5d1hk7z89WRYg==,https://www.site.ru,Expanded text ad,Mobile devices with full browsers,1841,3,246,0,66,7,8,93,18.5
01-10-2021,Platform 2,channel 2,KvHZHCUnRS1G2k25DBXWig==,fighter,01-10-2021,03-10-2021,AMA,SITE,text 2,,Zd+2skv6YeFpQm3rmXiBNQ==umSH0KgpE5d1hk7z89WRYg==,https://www.site.ru,Expanded text ad,Mobile devices with full browsers,1841,3,246,0,59,53,0,32,12.9
01-10-2021,Platform 2,channel 2,KvHZHCUnRS1G2k25DBXWig==,fighter,01-10-2021,03-10-2021,AMA,SITE,text 2,,Zd+2skv6YeFpQm3rmXiBNQ==umSH0KgpE5d1hk7z89WRYg==,https://www.site.ru,Expanded text ad,Mobile devices with full browsers,7591,8,269,0,4,29,15,81,7.2
01-10-2021,Platform 2,channel 2,KvHZHCUnRS1G2k25DBXWig==,fighter,01-10-2021,03-10-2021,AMA,SITE,text 2,,Zd+2skv6YeFpQm3rmXiBNQ==umSH0KgpE5d1hk7z89WRYg==,https://www.site.ru,Expanded text ad,Mobile devices with full browsers,7591,8,269,0,12,32,20,2,11.8
01-10-2021,Platform 2,channel 2,KvHZHCUnRS1G2k25DBXWig==,fighter,01-10-2021,03-10-2021,AMA,SITE,text 2,,Zd+2skv6YeFpQm3rmXiBNQ==umSH0KgpE5d1hk7z89WRYg==,https://www.site.ru,Expanded text ad,Mobile devices with full browsers,7591,8,269,0,23,15,15,68,13.2
01-10-2021,Platform 2,channel 2,KvHZHCUnRS1G2k25DBXWig==,fighter,01-10-2021,03-10-2021,AMA,SITE,text 2,,Zd+2skv6YeFpQm3rmXiBNQ==umSH0KgpE5d1hk7z89WRYg==,https://www.site.ru,Expanded text ad,Mobile devices with full browsers,7591,8,269,0,66,7,8,93,4.8
01-10-2021,Platform 2,channel 2,KvHZHCUnRS1G2k25DBXWig==,fighter,01-10-2021,03-10-2021,AMA,SITE,text 2,,Zd+2skv6YeFpQm3rmXiBNQ==umSH0KgpE5d1hk7z89WRYg==,https://www.site.ru,Expanded text ad,Mobile devices with full browsers,7591,8,269,0,59,53,0,32,10.6
01-10-2021,Platform 2,channel 2,KvHZHCUnRS1G2k25DBXWig==,fighter,01-10-2021,03-10-2021,AMA,SITE,text 2,,Zd+2skv6YeFpQm3rmXiBNQ==umSH0KgpE5d1hk7z89WRYg==,https://www.site.ru,Expanded text ad,Mobile devices with full browsers,8306,9,174,3,4,29,15,81,8.6
01-10-2021,Platform 2,channel 2,KvHZHCUnRS1G2k25DBXWig==,fighter,01-10-2021,03-10-2021,AMA,SITE,text 2,,Zd+2skv6YeFpQm3rmXiBNQ==umSH0KgpE5d1hk7z89WRYg==,https://www.site.ru,Expanded text ad,Mobile devices with full browsers,8306,9,174,3,12,32,20,2,17.4
01-10-2021,Platform 2,channel 2,KvHZHCUnRS1G2k25DBXWig==,fighter,01-10-2021,03-10-2021,AMA,SITE,text 2,,Zd+2skv6YeFpQm3rmXiBNQ==umSH0KgpE5d1hk7z89WRYg==,https://www.site.ru,Expanded text ad,Mobile devices with full browsers,8306,9,174,3,23,15,15,68,9.2
01-10-2021,Platform 2,channel 2,KvHZHCUnRS1G2k25DBXWig==,fighter,01-10-2021,03-10-2021,AMA,SITE,text 2,,Zd+2skv6YeFpQm3rmXiBNQ==umSH0KgpE5d1hk7z89WRYg==,https://www.site.ru,Expanded text ad,Mobile devices with full browsers,8306,9,174,3,66,7,8,93,9.7
01-10-2021,Platform 2,channel 2,KvHZHCUnRS1G2k25DBXWig==,fighter,01-10-2021,03-10-2021,AMA,SITE,text 2,,Zd+2skv6YeFpQm3rmXiBNQ==umSH0KgpE5d1hk7z89WRYg==,https://www.site.ru,Expanded text ad,Mobile devices with full browsers,8306,9,174,3,59,53,0,32,19
01-10-2021,Platform 2,channel 2,KvHZHCUnRS1G2k25DBXWig==,fighter,01-10-2021,03-10-2021,AMA,SITE,text 2,,Zd+2skv6YeFpQm3rmXiBNQ==umSH0KgpE5d1hk7z89WRYg==,https://www.site.ru,Expanded text ad,Mobile devices with full browsers,4734,5,230,1,4,29,15,81,22.4
01-10-2021,Platform 2,channel 2,KvHZHCUnRS1G2k25DBXWig==,fighter,01-10-2021,03-10-2021,AMA,SITE,text 2,,Zd+2skv6YeFpQm3rmXiBNQ==umSH0KgpE5d1hk7z89WRYg==,https://www.site.ru,Expanded text ad,Mobile devices with full browsers,4734,5,230,1,12,32,20,2,12.5
01-10-2021,Platform 2,channel 2,KvHZHCUnRS1G2k25DBXWig==,fighter,01-10-2021,03-10-2021,AMA,SITE,text 2,,Zd+2skv6YeFpQm3rmXiBNQ==umSH0KgpE5d1hk7z89WRYg==,https://www.site.ru,Expanded text ad,Mobile devices with full browsers,4734,5,230,1,23,15,15,68,24.4
01-10-2021,Platform 2,channel 2,KvHZHCUnRS1G2k25DBXWig==,fighter,01-10-2021,03-10-2021,AMA,SITE,text 2,,Zd+2skv6YeFpQm3rmXiBNQ==umSH0KgpE5d1hk7z89WRYg==,https://www.site.ru,Expanded text ad,Mobile devices with full browsers,4734,5,230,1,66,7,8,93,11.3
01-10-2021,Platform 2,channel 2,KvHZHCUnRS1G2k25DBXWig==,fighter,01-10-2021,03-10-2021,AMA,SITE,text 2,,Zd+2skv6YeFpQm3rmXiBNQ==umSH0KgpE5d1hk7z89WRYg==,https://www.site.ru,Expanded text ad,Mobile devices with full browsers,4734,5,230,1,59,53,0,32,14.6
01-10-2021,Platform 2,channel 2,KvHZHCUnRS1G2k25DBXWig==,fighter,01-10-2021,03-10-2021,AMA,SITE,text 2,,Zd+2skv6YeFpQm3rmXiBNQ==umSH0KgpE5d1hk7z89WRYg==,https://www.site.ru,Expanded text ad,Mobile devices with full browsers,7700,0,156,2,4,29,15,81,18
01-10-2021,Platform 2,channel 2,KvHZHCUnRS1G2k25DBXWig==,fighter,01-10-2021,03-10-2021,AMA,SITE,text 2,,Zd+2skv6YeFpQm3rmXiBNQ==umSH0KgpE5d1hk7z89WRYg==,https://www.site.ru,Expanded text ad,Mobile devices with full browsers,7700,0,156,2,12,32,20,2,12.5
01-10-2021,Platform 2,channel 2,KvHZHCUnRS1G2k25DBXWig==,fighter,01-10-2021,03-10-2021,AMA,SITE,text 2,,Zd+2skv6YeFpQm3rmXiBNQ==umSH0KgpE5d1hk7z89WRYg==,https://www.site.ru,Expanded text ad,Mobile devices with full browsers,7700,0,156,2,23,15,15,68,5.6
01-10-2021,Platform 2,channel 2,KvHZHCUnRS1G2k25DBXWig==,fighter,01-10-2021,03-10-2021,AMA,SITE,text 2,,Zd+2skv6YeFpQm3rmXiBNQ==umSH0KgpE5d1hk7z89WRYg==,https://www.site.ru,Expanded text ad,Mobile devices with full browsers,7700,0,156,2,66,7,8,93,15.5
01-10-2021,Platform 2,channel 2,KvHZHCUnRS1G2k25DBXWig==,fighter,01-10-2021,03-10-2021,AMA,SITE,text 2,,Zd+2skv6YeFpQm3rmXiBNQ==umSH0KgpE5d1hk7z89WRYg==,https://www.site.ru,Expanded text ad,Mobile devices with full browsers,7700,0,156,2,59,53,0,32,9.7
01-10-2021,Platform 2,channel 2,KvHZHCUnRS1G2k25DBXWig==,fighter,01-10-2021,03-10-2021,AMA,SITE,text 2,,Zd+2skv6YeFpQm3rmXiBNQ==umSH0KgpE5d1hk7z89WRYg==,https://www.site.ru,Expanded text ad,Tablets with full browsers,7300,0,74,3,4,29,15,81,12
01-10-2021,Platform 2,channel 2,KvHZHCUnRS1G2k25DBXWig==,fighter,01-10-2021,03-10-2021,AMA,SITE,text 2,,Zd+2skv6YeFpQm3rmXiBNQ==umSH0KgpE5d1hk7z89WRYg==,https://www.site.ru,Expanded text ad,Tablets with full browsers,7300,0,74,3,12,32,20,2,15
01-10-2021,Platform 2,channel 2,KvHZHCUnRS1G2k25DBXWig==,fighter,01-10-2021,03-10-2021,AMA,SITE,text 2,,Zd+2skv6YeFpQm3rmXiBNQ==umSH0KgpE5d1hk7z89WRYg==,https://www.site.ru,Expanded text ad,Tablets with full browsers,7300,0,74,3,23,15,15,68,15.9
01-10-2021,Platform 2,channel 2,KvHZHCUnRS1G2k25DBXWig==,fighter,01-10-2021,03-10-2021,AMA,SITE,text 2,,Zd+2skv6YeFpQm3rmXiBNQ==umSH0KgpE5d1hk7z89WRYg==,https://www.site.ru,Expanded text ad,Tablets with full browsers,7300,0,74,3,66,7,8,93,18.9
01-10-2021,Platform 2,channel 2,KvHZHCUnRS1G2k25DBXWig==,fighter,01-10-2021,03-10-2021,AMA,SITE,text 2,,Zd+2skv6YeFpQm3rmXiBNQ==umSH0KgpE5d1hk7z89WRYg==,https://www.site.ru,Expanded text ad,Tablets with full browsers,7300,0,74,3,59,53,0,32,10.5
01-10-2021,Platform 2,channel 2,KvHZHCUnRS1G2k25DBXWig==,fighter,01-10-2021,03-10-2021,AMA,SITE,text 2,,Zd+2skv6YeFpQm3rmXiBNQ==umSH0KgpE5d1hk7z89WRYg==,https://www.site.ru,Expanded text ad,Computers,1900,3,70,1,4,29,15,81,21.4
01-10-2021,Platform 2,channel 2,KvHZHCUnRS1G2k25DBXWig==,fighter,01-10-2021,03-10-2021,AMA,SITE,text 2,,Zd+2skv6YeFpQm3rmXiBNQ==umSH0KgpE5d1hk7z89WRYg==,https://www.site.ru,Expanded text ad,Computers,1900,3,70,1,12,32,20,2,11.9
01-10-2021,Platform 2,channel 2,KvHZHCUnRS1G2k25DBXWig==,fighter,01-10-2021,03-10-2021,AMA,SITE,text 2,,Zd+2skv6YeFpQm3rmXiBNQ==umSH0KgpE5d1hk7z89WRYg==,https://www.site.ru,Expanded text ad,Computers,1900,3,70,1,23,15,15,68,9.6
01-10-2021,Platform 2,channel 2,KvHZHCUnRS1G2k25DBXWig==,fighter,01-10-2021,03-10-2021,AMA,SITE,text 2,,Zd+2skv6YeFpQm3rmXiBNQ==umSH0KgpE5d1hk7z89WRYg==,https://www.site.ru,Expanded text ad,Computers,1900,3,70,1,66,7,8,93,17.4
01-10-2021,Platform 2,channel 2,KvHZHCUnRS1G2k25DBXWig==,fighter,01-10-2021,03-10-2021,AMA,SITE,text 2,,Zd+2skv6YeFpQm3rmXiBNQ==umSH0KgpE5d1hk7z89WRYg==,https://www.site.ru,Expanded text ad,Computers,1900,3,70,1,59,53,0,32,9.5
01-10-2021,Platform 2,channel 2,KvHZHCUnRS1G2k25DBXWig==,fighter,01-10-2021,03-10-2021,AMA,SITE,text 2,,Zd+2skv6YeFpQm3rmXiBNQ==umSH0KgpE5d1hk7z89WRYg==,https://www.site.ru,Expanded text ad,Computers,500,4,57,2,4,29,15,81,12.8
01-10-2021,Platform 2,channel 2,KvHZHCUnRS1G2k25DBXWig==,fighter,01-10-2021,03-10-2021,AMA,SITE,text 2,,Zd+2skv6YeFpQm3rmXiBNQ==umSH0KgpE5d1hk7z89WRYg==,https://www.site.ru,Expanded text ad,Computers,500,4,57,2,12,32,20,2,25.4
01-10-2021,Platform 2,channel 2,KvHZHCUnRS1G2k25DBXWig==,fighter,01-10-2021,03-10-2021,AMA,SITE,text 2,,Zd+2skv6YeFpQm3rmXiBNQ==umSH0KgpE5d1hk7z89WRYg==,https://www.site.ru,Expanded text ad,Computers,500,4,57,2,23,15,15,68,14.7
01-10-2021,Platform 2,channel 2,KvHZHCUnRS1G2k25DBXWig==,fighter,01-10-2021,03-10-2021,AMA,SITE,text 2,,Zd+2skv6YeFpQm3rmXiBNQ==umSH0KgpE5d1hk7z89WRYg==,https://www.site.ru,Expanded text ad,Computers,500,4,57,2,66,7,8,93,10.1
01-10-2021,Platform 2,channel 2,KvHZHCUnRS1G2k25DBXWig==,fighter,01-10-2021,03-10-2021,AMA,SITE,text 2,,Zd+2skv6YeFpQm3rmXiBNQ==umSH0KgpE5d1hk7z89WRYg==,https://www.site.ru,Expanded text ad,Computers,500,4,57,2,59,53,0,32,21.5
01-10-2021,Platform 2,channel 2,KvHZHCUnRS1G2k25DBXWig==,fighter,01-10-2021,03-10-2021,AMA,SITE,text 2,,Zd+2skv6YeFpQm3rmXiBNQ==umSH0KgpE5d1hk7z89WRYg==,https://www.site.ru,Expanded text ad,Tablets with full browsers,900,4,316,2,4,29,15,81,16.6
01-10-2021,Platform 2,channel 2,KvHZHCUnRS1G2k25DBXWig==,fighter,01-10-2021,03-10-2021,AMA,SITE,text 2,,Zd+2skv6YeFpQm3rmXiBNQ==umSH0KgpE5d1hk7z89WRYg==,https://www.site.ru,Expanded text ad,Tablets with full browsers,900,4,316,2,12,32,20,2,17.1
01-10-2021,Platform 2,channel 2,KvHZHCUnRS1G2k25DBXWig==,fighter,01-10-2021,03-10-2021,AMA,SITE,text 2,,Zd+2skv6YeFpQm3rmXiBNQ==umSH0KgpE5d1hk7z89WRYg==,https://www.site.ru,Expanded text ad,Tablets with full browsers,900,4,316,2,23,15,15,68,20.7
01-10-2021,Platform 2,channel 2,KvHZHCUnRS1G2k25DBXWig==,fighter,01-10-2021,03-10-2021,AMA,SITE,text 2,,Zd+2skv6YeFpQm3rmXiBNQ==umSH0KgpE5d1hk7z89WRYg==,https://www.site.ru,Expanded text ad,Tablets with full browsers,900,4,316,2,66,7,8,93,12.9
01-10-2021,Platform 2,channel 2,KvHZHCUnRS1G2k25DBXWig==,fighter,01-10-2021,03-10-2021,AMA,SITE,text 2,,Zd+2skv6YeFpQm3rmXiBNQ==umSH0KgpE5d1hk7z89WRYg==,https://www.site.ru,Expanded text ad,Tablets with full browsers,900,4,316,2,59,53,0,32,8.5
01-10-2021,Platform 2,channel 2,KvHZHCUnRS1G2k25DBXWig==,fighter,01-10-2021,03-10-2021,AMA,SITE,text 2,,Zd+2skv6YeFpQm3rmXiBNQ==umSH0KgpE5d1hk7z89WRYg==,https://www.site.ru,Expanded text ad,Computers,9000,2,82,0,4,29,15,81,14.9
01-10-2021,Platform 2,channel 2,KvHZHCUnRS1G2k25DBXWig==,fighter,01-10-2021,03-10-2021,AMA,SITE,text 2,,Zd+2skv6YeFpQm3rmXiBNQ==umSH0KgpE5d1hk7z89WRYg==,https://www.site.ru,Expanded text ad,Computers,9000,2,82,0,12,32,20,2,10.6
01-10-2021,Platform 2,channel 2,KvHZHCUnRS1G2k25DBXWig==,fighter,01-10-2021,03-10-2021,AMA,SITE,text 2,,Zd+2skv6YeFpQm3rmXiBNQ==umSH0KgpE5d1hk7z89WRYg==,https://www.site.ru,Expanded text ad,Computers,9000,2,82,0,23,15,15,68,23.2
01-10-2021,Platform 2,channel 2,KvHZHCUnRS1G2k25DBXWig==,fighter,01-10-2021,03-10-2021,AMA,SITE,text 2,,Zd+2skv6YeFpQm3rmXiBNQ==umSH0KgpE5d1hk7z89WRYg==,https://www.site.ru,Expanded text ad,Computers,9000,2,82,0,66,7,8,93,14.8
01-10-2021,Platform 2,channel 2,KvHZHCUnRS1G2k25DBXWig==,fighter,01-10-2021,03-10-2021,AMA,SITE,text 2,,Zd+2skv6YeFpQm3rmXiBNQ==umSH0KgpE5d1hk7z89WRYg==,https://www.site.ru,Expanded text ad,Computers,9000,2,82,0,59,53,0,32,9.7
01-10-2021,Platform 2,channel 2,KvHZHCUnRS1G2k25DBXWig==,fighter,01-10-2021,03-10-2021,AMA,SITE,text 2,,Zd+2skv6YeFpQm3rmXiBNQ==umSH0KgpE5d1hk7z89WRYg==,https://www.site.ru,Expanded text ad,Computers,700,2,345,2,4,29,15,81,11.4
01-10-2021,Platform 2,channel 2,KvHZHCUnRS1G2k25DBXWig==,fighter,01-10-2021,03-10-2021,AMA,SITE,text 2,,Zd+2skv6YeFpQm3rmXiBNQ==umSH0KgpE5d1hk7z89WRYg==,https://www.site.ru,Expanded text ad,Computers,700,2,345,2,12,32,20,2,10.7
01-10-2021,Platform 2,channel 2,KvHZHCUnRS1G2k25DBXWig==,fighter,01-10-2021,03-10-2021,AMA,SITE,text 2,,Zd+2skv6YeFpQm3rmXiBNQ==umSH0KgpE5d1hk7z89WRYg==,https://www.site.ru,Expanded text ad,Computers,700,2,345,2,23,15,15,68,22.6
01-10-2021,Platform 2,channel 2,KvHZHCUnRS1G2k25DBXWig==,fighter,01-10-2021,03-10-2021,AMA,SITE,text 2,,Zd+2skv6YeFpQm3rmXiBNQ==umSH0KgpE5d1hk7z89WRYg==,https://www.site.ru,Expanded text ad,Computers,700,2,345,2,66,7,8,93,21.2
01-10-2021,Platform 2,channel 2,KvHZHCUnRS1G2k25DBXWig==,fighter,01-10-2021,03-10-2021,AMA,SITE,text 2,,Zd+2skv6YeFpQm3rmXiBNQ==umSH0KgpE5d1hk7z89WRYg==,https://www.site.ru,Expanded text ad,Computers,700,2,345,2,59,53,0,32,20.2
01-10-2021,Platform 2,channel 2,KvHZHCUnRS1G2k25DBXWig==,fighter,01-10-2021,03-10-2021,AMA,SITE,text 2,,Zd+2skv6YeFpQm3rmXiBNQ==umSH0KgpE5d1hk7z89WRYg==,https://www.site.ru,Expanded text ad,Computers,1100,4,210,2,4,29,15,81,23.7
01-10-2021,Platform 2,channel 2,KvHZHCUnRS1G2k25DBXWig==,fighter,01-10-2021,03-10-2021,AMA,SITE,text 2,,Zd+2skv6YeFpQm3rmXiBNQ==umSH0KgpE5d1hk7z89WRYg==,https://www.site.ru,Expanded text ad,Computers,1100,4,210,2,12,32,20,2,5.5
01-10-2021,Platform 2,channel 2,KvHZHCUnRS1G2k25DBXWig==,fighter,01-10-2021,03-10-2021,AMA,SITE,text 2,,Zd+2skv6YeFpQm3rmXiBNQ==umSH0KgpE5d1hk7z89WRYg==,https://www.site.ru,Expanded text ad,Computers,1100,4,210,2,23,15,15,68,13.2
01-10-2021,Platform 2,channel 2,KvHZHCUnRS1G2k25DBXWig==,fighter,01-10-2021,03-10-2021,AMA,SITE,text 2,,Zd+2skv6YeFpQm3rmXiBNQ==umSH0KgpE5d1hk7z89WRYg==,https://www.site.ru,Expanded text ad,Computers,1100,4,210,2,66,7,8,93,23.8
01-10-2021,Platform 2,channel 2,KvHZHCUnRS1G2k25DBXWig==,fighter,01-10-2021,03-10-2021,AMA,SITE,text 2,,Zd+2skv6YeFpQm3rmXiBNQ==umSH0KgpE5d1hk7z89WRYg==,https://www.site.ru,Expanded text ad,Computers,1100,4,210,2,59,53,0,32,18.4
01-10-2021,Platform 2,channel 2,KvHZHCUnRS1G2k25DBXWig==,fighter,01-10-2021,03-10-2021,AMA,SITE,text 2,,Zd+2skv6YeFpQm3rmXiBNQ==umSH0KgpE5d1hk7z89WRYg==,https://www.site.ru,Expanded text ad,Tablets with full browsers,6700,0,264,2,4,29,15,81,8.1
01-10-2021,Platform 2,channel 2,KvHZHCUnRS1G2k25DBXWig==,fighter,01-10-2021,03-10-2021,AMA,SITE,text 2,,Zd+2skv6YeFpQm3rmXiBNQ==umSH0KgpE5d1hk7z89WRYg==,https://www.site.ru,Expanded text ad,Tablets with full browsers,6700,0,264,2,12,32,20,2,24.2
01-10-2021,Platform 2,channel 2,KvHZHCUnRS1G2k25DBXWig==,fighter,01-10-2021,03-10-2021,AMA,SITE,text 2,,Zd+2skv6YeFpQm3rmXiBNQ==umSH0KgpE5d1hk7z89WRYg==,https://www.site.ru,Expanded text ad,Tablets with full browsers,6700,0,264,2,23,15,15,68,15.7
01-10-2021,Platform 2,channel 2,KvHZHCUnRS1G2k25DBXWig==,fighter,01-10-2021,03-10-2021,AMA,SITE,text 2,,Zd+2skv6YeFpQm3rmXiBNQ==umSH0KgpE5d1hk7z89WRYg==,https://www.site.ru,Expanded text ad,Tablets with full browsers,6700,0,264,2,66,7,8,93,14
01-10-2021,Platform 2,channel 2,KvHZHCUnRS1G2k25DBXWig==,fighter,01-10-2021,03-10-2021,AMA,SITE,text 2,,Zd+2skv6YeFpQm3rmXiBNQ==umSH0KgpE5d1hk7z89WRYg==,https://www.site.ru,Expanded text ad,Tablets with full browsers,6700,0,264,2,59,53,0,32,18
01-10-2021,Platform 2,channel 2,KvHZHCUnRS1G2k25DBXWig==,fighter,01-10-2021,03-10-2021,AMA,SITE,text 4,,AOCxKJicyxXiji5QJtFJuA==umSH0KgpE5d1hk7z89WRYg==,https://www.site.ru,Expanded text ad,Mobile devices with full browsers,8600,1,321,1,4,29,15,81,9.3
01-10-2021,Platform 2,channel 2,KvHZHCUnRS1G2k25DBXWig==,fighter,01-10-2021,03-10-2021,AMA,SITE,text 4,,AOCxKJicyxXiji5QJtFJuA==umSH0KgpE5d1hk7z89WRYg==,https://www.site.ru,Expanded text ad,Mobile devices with full browsers,8600,1,321,1,12,32,20,2,9.5
01-10-2021,Platform 2,channel 2,KvHZHCUnRS1G2k25DBXWig==,fighter,01-10-2021,03-10-2021,AMA,SITE,text 4,,AOCxKJicyxXiji5QJtFJuA==umSH0KgpE5d1hk7z89WRYg==,https://www.site.ru,Expanded text ad,Mobile devices with full browsers,8600,1,321,1,23,15,15,68,13.4
01-10-2021,Platform 2,channel 2,KvHZHCUnRS1G2k25DBXWig==,fighter,01-10-2021,03-10-2021,AMA,SITE,text 4,,AOCxKJicyxXiji5QJtFJuA==umSH0KgpE5d1hk7z89WRYg==,https://www.site.ru,Expanded text ad,Mobile devices with full browsers,8600,1,321,1,66,7,8,93,18.9
01-10-2021,Platform 2,channel 2,KvHZHCUnRS1G2k25DBXWig==,fighter,01-10-2021,03-10-2021,AMA,SITE,text 4,,AOCxKJicyxXiji5QJtFJuA==umSH0KgpE5d1hk7z89WRYg==,https://www.site.ru,Expanded text ad,Mobile devices with full browsers,8600,1,321,1,59,53,0,32,22.3
01-10-2021,Platform 2,channel 2,KvHZHCUnRS1G2k25DBXWig==,fighter,01-10-2021,03-10-2021,AMA,SITE,text 4,,AOCxKJicyxXiji5QJtFJuA==umSH0KgpE5d1hk7z89WRYg==,https://www.site.ru,Expanded text ad,Computers,7800,3,102,3,4,29,15,81,18.3
01-10-2021,Platform 2,channel 2,KvHZHCUnRS1G2k25DBXWig==,fighter,01-10-2021,03-10-2021,AMA,SITE,text 4,,AOCxKJicyxXiji5QJtFJuA==umSH0KgpE5d1hk7z89WRYg==,https://www.site.ru,Expanded text ad,Computers,7800,3,102,3,12,32,20,2,12.4
01-10-2021,Platform 2,channel 2,KvHZHCUnRS1G2k25DBXWig==,fighter,01-10-2021,03-10-2021,AMA,SITE,text 4,,AOCxKJicyxXiji5QJtFJuA==umSH0KgpE5d1hk7z89WRYg==,https://www.site.ru,Expanded text ad,Computers,7800,3,102,3,23,15,15,68,8.8
01-10-2021,Platform 2,channel 2,KvHZHCUnRS1G2k25DBXWig==,fighter,01-10-2021,03-10-2021,AMA,SITE,text 4,,AOCxKJicyxXiji5QJtFJuA==umSH0KgpE5d1hk7z89WRYg==,https://www.site.ru,Expanded text ad,Computers,7800,3,102,3,66,7,8,93,11
01-10-2021,Platform 2,channel 2,KvHZHCUnRS1G2k25DBXWig==,fighter,01-10-2021,03-10-2021,AMA,SITE,text 4,,AOCxKJicyxXiji5QJtFJuA==umSH0KgpE5d1hk7z89WRYg==,https://www.site.ru,Expanded text ad,Computers,7800,3,102,3,59,53,0,32,17
01-10-2021,Platform 2,channel 2,KvHZHCUnRS1G2k25DBXWig==,fighter,01-10-2021,03-10-2021,AMA,SITE,text 4,,AOCxKJicyxXiji5QJtFJuA==umSH0KgpE5d1hk7z89WRYg==,https://www.site.ru,Expanded text ad,Mobile devices with full browsers,4500,2,193,2,4,29,15,81,8.7
01-10-2021,Platform 2,channel 2,KvHZHCUnRS1G2k25DBXWig==,fighter,01-10-2021,03-10-2021,AMA,SITE,text 4,,AOCxKJicyxXiji5QJtFJuA==umSH0KgpE5d1hk7z89WRYg==,https://www.site.ru,Expanded text ad,Mobile devices with full browsers,4500,2,193,2,12,32,20,2,6.9
01-10-2021,Platform 2,channel 2,KvHZHCUnRS1G2k25DBXWig==,fighter,01-10-2021,03-10-2021,AMA,SITE,text 4,,AOCxKJicyxXiji5QJtFJuA==umSH0KgpE5d1hk7z89WRYg==,https://www.site.ru,Expanded text ad,Mobile devices with full browsers,4500,2,193,2,23,15,15,68,14.2
01-10-2021,Platform 2,channel 2,KvHZHCUnRS1G2k25DBXWig==,fighter,01-10-2021,03-10-2021,AMA,SITE,text 4,,AOCxKJicyxXiji5QJtFJuA==umSH0KgpE5d1hk7z89WRYg==,https://www.site.ru,Expanded text ad,Mobile devices with full browsers,4500,2,193,2,66,7,8,93,5.3
01-10-2021,Platform 2,channel 2,KvHZHCUnRS1G2k25DBXWig==,fighter,01-10-2021,03-10-2021,AMA,SITE,text 4,,AOCxKJicyxXiji5QJtFJuA==umSH0KgpE5d1hk7z89WRYg==,https://www.site.ru,Expanded text ad,Mobile devices with full browsers,4500,2,193,2,59,53,0,32,11
01-10-2021,Platform 2,channel 2,KvHZHCUnRS1G2k25DBXWig==,fighter,01-10-2021,03-10-2021,AMA,SITE,text 4,,AOCxKJicyxXiji5QJtFJuA==umSH0KgpE5d1hk7z89WRYg==,https://www.site.ru,Expanded text ad,Computers,5200,0,29,2,4,29,15,81,11.8
01-10-2021,Platform 2,channel 2,KvHZHCUnRS1G2k25DBXWig==,fighter,01-10-2021,03-10-2021,AMA,SITE,text 4,,AOCxKJicyxXiji5QJtFJuA==umSH0KgpE5d1hk7z89WRYg==,https://www.site.ru,Expanded text ad,Computers,5200,0,29,2,12,32,20,2,12.3
01-10-2021,Platform 2,channel 2,KvHZHCUnRS1G2k25DBXWig==,fighter,01-10-2021,03-10-2021,AMA,SITE,text 4,,AOCxKJicyxXiji5QJtFJuA==umSH0KgpE5d1hk7z89WRYg==,https://www.site.ru,Expanded text ad,Computers,5200,0,29,2,23,15,15,68,11.3
01-10-2021,Platform 2,channel 2,KvHZHCUnRS1G2k25DBXWig==,fighter,01-10-2021,03-10-2021,AMA,SITE,text 4,,AOCxKJicyxXiji5QJtFJuA==umSH0KgpE5d1hk7z89WRYg==,https://www.site.ru,Expanded text ad,Computers,5200,0,29,2,66,7,8,93,13.6
01-10-2021,Platform 2,channel 2,KvHZHCUnRS1G2k25DBXWig==,fighter,01-10-2021,03-10-2021,AMA,SITE,text 4,,AOCxKJicyxXiji5QJtFJuA==umSH0KgpE5d1hk7z89WRYg==,https://www.site.ru,Expanded text ad,Computers,5200,0,29,2,59,53,0,32,21.7
01-10-2021,Platform 2,channel 2,KvHZHCUnRS1G2k25DBXWig==,amacrm,01-10-2021,03-10-2021,AMA,WALLMART,Broad Tr | text 1,Broad Tr,YqeNG+/UId+kO2KLjzKxBg==12CHLK78S8wvbxj70aCyoA==,https://www.walmart.com,Expanded text ad,Mobile devices with full browsers,5817,1,321,3,1,17,8,83,15.2
01-10-2021,Platform 2,channel 2,KvHZHCUnRS1G2k25DBXWig==,amacrm,01-10-2021,03-10-2021,AMA,WALLMART,Broad Tr | text 1,Broad Tr,YqeNG+/UId+kO2KLjzKxBg==12CHLK78S8wvbxj70aCyoA==,https://www.walmart.com,Expanded text ad,Mobile devices with full browsers,5817,1,321,3,56,1,3,100,12
01-10-2021,Platform 2,channel 2,KvHZHCUnRS1G2k25DBXWig==,amacrm,01-10-2021,03-10-2021,AMA,WALLMART,Broad Tr | text 1,Broad Tr,YqeNG+/UId+kO2KLjzKxBg==12CHLK78S8wvbxj70aCyoA==,https://www.walmart.com,Expanded text ad,Mobile devices with full browsers,5817,1,321,3,67,26,20,30,16
01-10-2021,Platform 2,channel 2,KvHZHCUnRS1G2k25DBXWig==,amacrm,01-10-2021,03-10-2021,AMA,WALLMART,Broad Tr | text 1,Broad Tr,YqeNG+/UId+kO2KLjzKxBg==12CHLK78S8wvbxj70aCyoA==,https://www.walmart.com,Expanded text ad,Mobile devices with full browsers,5817,1,321,3,64,60,18,71,12.9
01-10-2021,Platform 2,channel 2,KvHZHCUnRS1G2k25DBXWig==,amacrm,01-10-2021,03-10-2021,AMA,WALLMART,Broad Tr | text 1,Broad Tr,YqeNG+/UId+kO2KLjzKxBg==12CHLK78S8wvbxj70aCyoA==,https://www.walmart.com,Expanded text ad,Mobile devices with full browsers,5500,5,67,1,1,17,8,83,16.7
01-10-2021,Platform 2,channel 2,KvHZHCUnRS1G2k25DBXWig==,amacrm,01-10-2021,03-10-2021,AMA,WALLMART,Broad Tr | text 1,Broad Tr,YqeNG+/UId+kO2KLjzKxBg==12CHLK78S8wvbxj70aCyoA==,https://www.walmart.com,Expanded text ad,Mobile devices with full browsers,5500,5,67,1,56,1,3,100,11.2
01-10-2021,Platform 2,channel 2,KvHZHCUnRS1G2k25DBXWig==,amacrm,01-10-2021,03-10-2021,AMA,WALLMART,Broad Tr | text 1,Broad Tr,YqeNG+/UId+kO2KLjzKxBg==12CHLK78S8wvbxj70aCyoA==,https://www.walmart.com,Expanded text ad,Mobile devices with full browsers,5500,5,67,1,67,26,20,30,7.3
01-10-2021,Platform 2,channel 2,KvHZHCUnRS1G2k25DBXWig==,amacrm,01-10-2021,03-10-2021,AMA,WALLMART,Broad Tr | text 1,Broad Tr,YqeNG+/UId+kO2KLjzKxBg==12CHLK78S8wvbxj70aCyoA==,https://www.walmart.com,Expanded text ad,Mobile devices with full browsers,5500,5,67,1,64,60,18,71,19.4
01-10-2021,Platform 2,channel 2,KvHZHCUnRS1G2k25DBXWig==,amacrm,01-10-2021,03-10-2021,AMA,WALLMART,Broad Tr | text 1,Broad Tr,YqeNG+/UId+kO2KLjzKxBg==12CHLK78S8wvbxj70aCyoA==,https://www.walmart.com,Expanded text ad,Mobile devices with full browsers,600,2,157,1,1,17,8,83,22.2
01-10-2021,Platform 2,channel 2,KvHZHCUnRS1G2k25DBXWig==,amacrm,01-10-2021,03-10-2021,AMA,WALLMART,Broad Tr | text 1,Broad Tr,YqeNG+/UId+kO2KLjzKxBg==12CHLK78S8wvbxj70aCyoA==,https://www.walmart.com,Expanded text ad,Mobile devices with full browsers,600,2,157,1,56,1,3,100,11.5
01-10-2021,Platform 2,channel 2,KvHZHCUnRS1G2k25DBXWig==,amacrm,01-10-2021,03-10-2021,AMA,WALLMART,Broad Tr | text 1,Broad Tr,YqeNG+/UId+kO2KLjzKxBg==12CHLK78S8wvbxj70aCyoA==,https://www.walmart.com,Expanded text ad,Mobile devices with full browsers,600,2,157,1,67,26,20,30,16.9
01-10-2021,Platform 2,channel 2,KvHZHCUnRS1G2k25DBXWig==,amacrm,01-10-2021,03-10-2021,AMA,WALLMART,Broad Tr | text 1,Broad Tr,YqeNG+/UId+kO2KLjzKxBg==12CHLK78S8wvbxj70aCyoA==,https://www.walmart.com,Expanded text ad,Mobile devices with full browsers,600,2,157,1,64,60,18,71,11.7
01-10-2021,Platform 2,channel 2,KvHZHCUnRS1G2k25DBXWig==,amacrm,01-10-2021,03-10-2021,AMA,WALLMART,Broad Tr | text 3,Broad Tr,x/NX0dIXDXJ5O2JeVUj0hg==mRLvPGX0fBcYn83RRfMbYw==,https://www.walmart.com,Expanded text ad,Computers,1300,1,94,3,1,17,8,83,15.5
01-10-2021,Platform 2,channel 2,KvHZHCUnRS1G2k25DBXWig==,amacrm,01-10-2021,03-10-2021,AMA,WALLMART,Broad Tr | text 3,Broad Tr,x/NX0dIXDXJ5O2JeVUj0hg==mRLvPGX0fBcYn83RRfMbYw==,https://www.walmart.com,Expanded text ad,Computers,1300,1,94,3,56,1,3,100,25.4
01-10-2021,Platform 2,channel 2,KvHZHCUnRS1G2k25DBXWig==,amacrm,01-10-2021,03-10-2021,AMA,WALLMART,Broad Tr | text 3,Broad Tr,x/NX0dIXDXJ5O2JeVUj0hg==mRLvPGX0fBcYn83RRfMbYw==,https://www.walmart.com,Expanded text ad,Computers,1300,1,94,3,67,26,20,30,17.2
01-10-2021,Platform 2,channel 2,KvHZHCUnRS1G2k25DBXWig==,amacrm,01-10-2021,03-10-2021,AMA,WALLMART,Broad Tr | text 3,Broad Tr,x/NX0dIXDXJ5O2JeVUj0hg==mRLvPGX0fBcYn83RRfMbYw==,https://www.walmart.com,Expanded text ad,Computers,1300,1,94,3,64,60,18,71,11.7
01-10-2021,Platform 2,channel 2,KvHZHCUnRS1G2k25DBXWig==,amacrm,01-10-2021,03-10-2021,AMA,WALLMART,Broad Tr | text 3,Broad Tr,x/NX0dIXDXJ5O2JeVUj0hg==mRLvPGX0fBcYn83RRfMbYw==,https://www.walmart.com,Expanded text ad,Mobile devices with full browsers,2500,1,68,3,1,17,8,83,23.8
01-10-2021,Platform 2,channel 2,KvHZHCUnRS1G2k25DBXWig==,amacrm,01-10-2021,03-10-2021,AMA,WALLMART,Broad Tr | text 3,Broad Tr,x/NX0dIXDXJ5O2JeVUj0hg==mRLvPGX0fBcYn83RRfMbYw==,https://www.walmart.com,Expanded text ad,Mobile devices with full browsers,2500,1,68,3,56,1,3,100,14.8
01-10-2021,Platform 2,channel 2,KvHZHCUnRS1G2k25DBXWig==,amacrm,01-10-2021,03-10-2021,AMA,WALLMART,Broad Tr | text 3,Broad Tr,x/NX0dIXDXJ5O2JeVUj0hg==mRLvPGX0fBcYn83RRfMbYw==,https://www.walmart.com,Expanded text ad,Mobile devices with full browsers,2500,1,68,3,67,26,20,30,14.7
01-10-2021,Platform 2,channel 2,KvHZHCUnRS1G2k25DBXWig==,amacrm,01-10-2021,03-10-2021,AMA,WALLMART,Broad Tr | text 3,Broad Tr,x/NX0dIXDXJ5O2JeVUj0hg==mRLvPGX0fBcYn83RRfMbYw==,https://www.walmart.com,Expanded text ad,Mobile devices with full browsers,2500,1,68,3,64,60,18,71,20.7
01-10-2021,Platform 2,channel 2,KvHZHCUnRS1G2k25DBXWig==,amacrm,01-10-2021,03-10-2021,AMA,WALLMART,Broad Tr | text 3,Broad Tr,x/NX0dIXDXJ5O2JeVUj0hg==mRLvPGX0fBcYn83RRfMbYw==,https://www.walmart.com,Expanded text ad,Mobile devices with full browsers,6900,1,223,0,1,17,8,83,19.2
01-10-2021,Platform 2,channel 2,KvHZHCUnRS1G2k25DBXWig==,amacrm,01-10-2021,03-10-2021,AMA,WALLMART,Broad Tr | text 3,Broad Tr,x/NX0dIXDXJ5O2JeVUj0hg==mRLvPGX0fBcYn83RRfMbYw==,https://www.walmart.com,Expanded text ad,Mobile devices with full browsers,6900,1,223,0,56,1,3,100,7.2
01-10-2021,Platform 2,channel 2,KvHZHCUnRS1G2k25DBXWig==,amacrm,01-10-2021,03-10-2021,AMA,WALLMART,Broad Tr | text 3,Broad Tr,x/NX0dIXDXJ5O2JeVUj0hg==mRLvPGX0fBcYn83RRfMbYw==,https://www.walmart.com,Expanded text ad,Mobile devices with full browsers,6900,1,223,0,67,26,20,30,8.7
01-10-2021,Platform 2,channel 2,KvHZHCUnRS1G2k25DBXWig==,amacrm,01-10-2021,03-10-2021,AMA,WALLMART,Broad Tr | text 3,Broad Tr,x/NX0dIXDXJ5O2JeVUj0hg==mRLvPGX0fBcYn83RRfMbYw==,https://www.walmart.com,Expanded text ad,Mobile devices with full browsers,6900,1,223,0,64,60,18,71,5.3
01-10-2021,Platform 2,channel 2,DLH2GuJt0uJopHspKxKPmg==,student,01-10-2021,03-10-2021,UNIVERSITY,WALLMART,Broad Tr | text 5,Broad Tr,IU5a2+QIPHTDpAUH69SJmw==S2YGN4JApQtan9HGz/89Xw==,https://www.walmart.com,Expanded text ad,Mobile devices with full browsers,3139,2,186,0,19,43,6,62,19.8
01-10-2021,Platform 2,channel 2,DLH2GuJt0uJopHspKxKPmg==,student,01-10-2021,03-10-2021,UNIVERSITY,WALLMART,Broad Tr | text 5,Broad Tr,IU5a2+QIPHTDpAUH69SJmw==S2YGN4JApQtan9HGz/89Xw==,https://www.walmart.com,Expanded text ad,Mobile devices with full browsers,3139,2,186,0,29,46,0,107,13.4
01-10-2021,Platform 2,channel 2,DLH2GuJt0uJopHspKxKPmg==,student,01-10-2021,03-10-2021,UNIVERSITY,WALLMART,Broad Tr | text 5,Broad Tr,IU5a2+QIPHTDpAUH69SJmw==S2YGN4JApQtan9HGz/89Xw==,https://www.walmart.com,Expanded text ad,Mobile devices with full browsers,3139,2,186,0,12,56,14,21,21.8
01-10-2021,Platform 2,channel 2,DLH2GuJt0uJopHspKxKPmg==,student,01-10-2021,03-10-2021,UNIVERSITY,WALLMART,Broad Tr | text 5,Broad Tr,IU5a2+QIPHTDpAUH69SJmw==S2YGN4JApQtan9HGz/89Xw==,https://www.walmart.com,Expanded text ad,Mobile devices with full browsers,3139,2,186,0,49,24,5,109,14.1
01-10-2021,Platform 2,channel 2,DLH2GuJt0uJopHspKxKPmg==,student,01-10-2021,03-10-2021,UNIVERSITY,WALLMART,Broad Tr | text 5,Broad Tr,IU5a2+QIPHTDpAUH69SJmw==S2YGN4JApQtan9HGz/89Xw==,https://www.walmart.com,Expanded text ad,Mobile devices with full browsers,3139,2,186,0,9,20,2,52,15.9
01-10-2021,Platform 2,channel 2,DLH2GuJt0uJopHspKxKPmg==,student,01-10-2021,03-10-2021,UNIVERSITY,WALLMART,Broad Tr | text 5,Broad Tr,IU5a2+QIPHTDpAUH69SJmw==S2YGN4JApQtan9HGz/89Xw==,https://www.walmart.com,Expanded text ad,Mobile devices with full browsers,3139,2,186,0,45,59,12,23,14.6
01-10-2021,Platform 2,channel 2,DLH2GuJt0uJopHspKxKPmg==,student,01-10-2021,03-10-2021,UNIVERSITY,WALLMART,Broad Tr | text 5,Broad Tr,IU5a2+QIPHTDpAUH69SJmw==fLFwmpZpCje4FV/syLYS8g==,https://www.walmart.com,Expanded text ad,Tablets with full browsers,300,5,67,1,19,43,6,62,12.6
01-10-2021,Platform 2,channel 2,DLH2GuJt0uJopHspKxKPmg==,student,01-10-2021,03-10-2021,UNIVERSITY,WALLMART,Broad Tr | text 5,Broad Tr,IU5a2+QIPHTDpAUH69SJmw==fLFwmpZpCje4FV/syLYS8g==,https://www.walmart.com,Expanded text ad,Tablets with full browsers,300,5,67,1,29,46,0,107,12.2
01-10-2021,Platform 2,channel 2,DLH2GuJt0uJopHspKxKPmg==,student,01-10-2021,03-10-2021,UNIVERSITY,WALLMART,Broad Tr | text 5,Broad Tr,IU5a2+QIPHTDpAUH69SJmw==fLFwmpZpCje4FV/syLYS8g==,https://www.walmart.com,Expanded text ad,Tablets with full browsers,300,5,67,1,12,56,14,21,9.4
01-10-2021,Platform 2,channel 2,DLH2GuJt0uJopHspKxKPmg==,student,01-10-2021,03-10-2021,UNIVERSITY,WALLMART,Broad Tr | text 5,Broad Tr,IU5a2+QIPHTDpAUH69SJmw==fLFwmpZpCje4FV/syLYS8g==,https://www.walmart.com,Expanded text ad,Tablets with full browsers,300,5,67,1,49,24,5,109,15.9
01-10-2021,Platform 2,channel 2,DLH2GuJt0uJopHspKxKPmg==,student,01-10-2021,03-10-2021,UNIVERSITY,WALLMART,Broad Tr | text 5,Broad Tr,IU5a2+QIPHTDpAUH69SJmw==fLFwmpZpCje4FV/syLYS8g==,https://www.walmart.com,Expanded text ad,Tablets with full browsers,300,5,67,1,9,20,2,52,6.6
01-10-2021,Platform 2,channel 2,DLH2GuJt0uJopHspKxKPmg==,student,01-10-2021,03-10-2021,UNIVERSITY,WALLMART,Broad Tr | text 5,Broad Tr,IU5a2+QIPHTDpAUH69SJmw==fLFwmpZpCje4FV/syLYS8g==,https://www.walmart.com,Expanded text ad,Tablets with full browsers,300,5,67,1,45,59,12,23,15.5
01-10-2021,Platform 2,channel 2,DLH2GuJt0uJopHspKxKPmg==,student,01-10-2021,03-10-2021,UNIVERSITY,WALLMART,Broad Tr | text 5,Broad Tr,IU5a2+QIPHTDpAUH69SJmw==fLFwmpZpCje4FV/syLYS8g==,https://www.walmart.com,Expanded text ad,Computers,7500,0,93,2,19,43,6,62,7
01-10-2021,Platform 2,channel 2,DLH2GuJt0uJopHspKxKPmg==,student,01-10-2021,03-10-2021,UNIVERSITY,WALLMART,Broad Tr | text 5,Broad Tr,IU5a2+QIPHTDpAUH69SJmw==fLFwmpZpCje4FV/syLYS8g==,https://www.walmart.com,Expanded text ad,Computers,7500,0,93,2,29,46,0,107,11.6
01-10-2021,Platform 2,channel 2,DLH2GuJt0uJopHspKxKPmg==,student,01-10-2021,03-10-2021,UNIVERSITY,WALLMART,Broad Tr | text 5,Broad Tr,IU5a2+QIPHTDpAUH69SJmw==fLFwmpZpCje4FV/syLYS8g==,https://www.walmart.com,Expanded text ad,Computers,7500,0,93,2,12,56,14,21,15.2
01-10-2021,Platform 2,channel 2,DLH2GuJt0uJopHspKxKPmg==,student,01-10-2021,03-10-2021,UNIVERSITY,WALLMART,Broad Tr | text 5,Broad Tr,IU5a2+QIPHTDpAUH69SJmw==fLFwmpZpCje4FV/syLYS8g==,https://www.walmart.com,Expanded text ad,Computers,7500,0,93,2,49,24,5,109,19.7
01-10-2021,Platform 2,channel 2,DLH2GuJt0uJopHspKxKPmg==,student,01-10-2021,03-10-2021,UNIVERSITY,WALLMART,Broad Tr | text 5,Broad Tr,IU5a2+QIPHTDpAUH69SJmw==fLFwmpZpCje4FV/syLYS8g==,https://www.walmart.com,Expanded text ad,Computers,7500,0,93,2,9,20,2,52,10.6
01-10-2021,Platform 2,channel 2,DLH2GuJt0uJopHspKxKPmg==,student,01-10-2021,03-10-2021,UNIVERSITY,WALLMART,Broad Tr | text 5,Broad Tr,IU5a2+QIPHTDpAUH69SJmw==fLFwmpZpCje4FV/syLYS8g==,https://www.walmart.com,Expanded text ad,Computers,7500,0,93,2,45,59,12,23,6.6
01-10-2021,Platform 2,channel 2,DLH2GuJt0uJopHspKxKPmg==,student,01-10-2021,03-10-2021,UNIVERSITY,WALLMART,Broad Tr | text 5,Broad Tr,IU5a2+QIPHTDpAUH69SJmw==S2YGN4JApQtan9HGz/89Xw==,https://www.walmart.com,Expanded text ad,Mobile devices with full browsers,0,5,4,3,19,43,6,62,8.8
01-10-2021,Platform 2,channel 2,DLH2GuJt0uJopHspKxKPmg==,student,01-10-2021,03-10-2021,UNIVERSITY,WALLMART,Broad Tr | text 5,Broad Tr,IU5a2+QIPHTDpAUH69SJmw==S2YGN4JApQtan9HGz/89Xw==,https://www.walmart.com,Expanded text ad,Mobile devices with full browsers,0,5,4,3,29,46,0,107,24.7
01-10-2021,Platform 2,channel 2,DLH2GuJt0uJopHspKxKPmg==,student,01-10-2021,03-10-2021,UNIVERSITY,WALLMART,Broad Tr | text 5,Broad Tr,IU5a2+QIPHTDpAUH69SJmw==S2YGN4JApQtan9HGz/89Xw==,https://www.walmart.com,Expanded text ad,Mobile devices with full browsers,0,5,4,3,12,56,14,21,9.7
01-10-2021,Platform 2,channel 2,DLH2GuJt0uJopHspKxKPmg==,student,01-10-2021,03-10-2021,UNIVERSITY,WALLMART,Broad Tr | text 5,Broad Tr,IU5a2+QIPHTDpAUH69SJmw==S2YGN4JApQtan9HGz/89Xw==,https://www.walmart.com,Expanded text ad,Mobile devices with full browsers,0,5,4,3,49,24,5,109,1.6
01-10-2021,Platform 2,channel 2,DLH2GuJt0uJopHspKxKPmg==,student,01-10-2021,03-10-2021,UNIVERSITY,WALLMART,Broad Tr | text 5,Broad Tr,IU5a2+QIPHTDpAUH69SJmw==S2YGN4JApQtan9HGz/89Xw==,https://www.walmart.com,Expanded text ad,Mobile devices with full browsers,0,5,4,3,9,20,2,52,12.7
01-10-2021,Platform 2,channel 2,DLH2GuJt0uJopHspKxKPmg==,student,01-10-2021,03-10-2021,UNIVERSITY,WALLMART,Broad Tr | text 5,Broad Tr,IU5a2+QIPHTDpAUH69SJmw==S2YGN4JApQtan9HGz/89Xw==,https://www.walmart.com,Expanded text ad,Mobile devices with full browsers,0,5,4,3,45,59,12,23,5.7
01-10-2021,Platform 1,channel 1,KvHZHCUnRS1G2k25DBXWig==,strangeadventure,01-10-2021,03-10-2021,EXPEDITION,WALLMART,Broad | adset 1,Broad,GyklXyqLs+X58idmnipQLA==q9wKnBCOfg2UHGZSeDSwQw==z5B9C8/Z5VLRNLQMKZB02g==,https://www.walmart.com/zNwbVNv+6Wzm8qpln071bQ==,Expanded text ad,Mobile devices with full browsers,35,0,55,0,13,33,3,61,19.6
01-10-2021,Platform 1,channel 1,KvHZHCUnRS1G2k25DBXWig==,strangeadventure,01-10-2021,03-10-2021,EXPEDITION,WALLMART,Broad | adset 1,Broad,GyklXyqLs+X58idmnipQLA==q9wKnBCOfg2UHGZSeDSwQw==z5B9C8/Z5VLRNLQMKZB02g==,https://www.walmart.com/zNwbVNv+6Wzm8qpln071bQ==,Expanded text ad,Mobile devices with full browsers,35,0,55,0,42,19,2,108,10.8
01-10-2021,Platform 1,channel 1,KvHZHCUnRS1G2k25DBXWig==,strangeadventure,01-10-2021,03-10-2021,EXPEDITION,WALLMART,Broad | adset 1,Broad,GyklXyqLs+X58idmnipQLA==q9wKnBCOfg2UHGZSeDSwQw==z5B9C8/Z5VLRNLQMKZB02g==,https://www.walmart.com/zNwbVNv+6Wzm8qpln071bQ==,Expanded text ad,Mobile devices with full browsers,35,0,55,0,8,41,9,98,11.6
01-10-2021,Platform 1,channel 1,KvHZHCUnRS1G2k25DBXWig==,strangeadventure,01-10-2021,03-10-2021,EXPEDITION,WALLMART,Broad | adset 1,Broad,GyklXyqLs+X58idmnipQLA==q9wKnBCOfg2UHGZSeDSwQw==z5B9C8/Z5VLRNLQMKZB02g==,https://www.walmart.com/zNwbVNv+6Wzm8qpln071bQ==,Expanded text ad,Computers,7,1,334,1,13,33,3,61,9.5
01-10-2021,Platform 1,channel 1,KvHZHCUnRS1G2k25DBXWig==,strangeadventure,01-10-2021,03-10-2021,EXPEDITION,WALLMART,Broad | adset 1,Broad,GyklXyqLs+X58idmnipQLA==q9wKnBCOfg2UHGZSeDSwQw==z5B9C8/Z5VLRNLQMKZB02g==,https://www.walmart.com/zNwbVNv+6Wzm8qpln071bQ==,Expanded text ad,Computers,7,1,334,1,42,19,2,108,20.8
01-10-2021,Platform 1,channel 1,KvHZHCUnRS1G2k25DBXWig==,strangeadventure,01-10-2021,03-10-2021,EXPEDITION,WALLMART,Broad | adset 1,Broad,GyklXyqLs+X58idmnipQLA==q9wKnBCOfg2UHGZSeDSwQw==z5B9C8/Z5VLRNLQMKZB02g==,https://www.walmart.com/zNwbVNv+6Wzm8qpln071bQ==,Expanded text ad,Computers,7,1,334,1,8,41,9,98,9.6
01-10-2021,Platform 1,channel 1,KvHZHCUnRS1G2k25DBXWig==,strangeadventure,01-10-2021,03-10-2021,EXPEDITION,WALLMART,Broad | adset 1,Broad,GyklXyqLs+X58idmnipQLA==umSH0KgpE5d1hk7z89WRYg==L2xLfMOQtVfGLNscF2lwlw==,https://www.walmart.com/zNwbVNv+6Wzm8qpln071bQ==,Expanded text ad,Mobile devices with full browsers,24,3,51,2,13,33,3,61,20.7
01-10-2021,Platform 1,channel 1,KvHZHCUnRS1G2k25DBXWig==,strangeadventure,01-10-2021,03-10-2021,EXPEDITION,WALLMART,Broad | adset 1,Broad,GyklXyqLs+X58idmnipQLA==umSH0KgpE5d1hk7z89WRYg==L2xLfMOQtVfGLNscF2lwlw==,https://www.walmart.com/zNwbVNv+6Wzm8qpln071bQ==,Expanded text ad,Mobile devices with full browsers,24,3,51,2,42,19,2,108,10.9
01-10-2021,Platform 1,channel 1,KvHZHCUnRS1G2k25DBXWig==,strangeadventure,01-10-2021,03-10-2021,EXPEDITION,WALLMART,Broad | adset 1,Broad,GyklXyqLs+X58idmnipQLA==umSH0KgpE5d1hk7z89WRYg==L2xLfMOQtVfGLNscF2lwlw==,https://www.walmart.com/zNwbVNv+6Wzm8qpln071bQ==,Expanded text ad,Mobile devices with full browsers,24,3,51,2,8,41,9,98,19.2
01-10-2021,Platform 1,channel 1,KvHZHCUnRS1G2k25DBXWig==,strangeadventure,01-10-2021,03-10-2021,EXPEDITION,WALLMART,Broad | adset 1,Broad,GyklXyqLs+X58idmnipQLA==umSH0KgpE5d1hk7z89WRYg==L2xLfMOQtVfGLNscF2lwlw==,https://www.walmart.com/zNwbVNv+6Wzm8qpln071bQ==,Expanded text ad,Computers,60,2,232,0,13,33,3,61,20.1
01-10-2021,Platform 1,channel 1,KvHZHCUnRS1G2k25DBXWig==,strangeadventure,01-10-2021,03-10-2021,EXPEDITION,WALLMART,Broad | adset 1,Broad,GyklXyqLs+X58idmnipQLA==umSH0KgpE5d1hk7z89WRYg==L2xLfMOQtVfGLNscF2lwlw==,https://www.walmart.com/zNwbVNv+6Wzm8qpln071bQ==,Expanded text ad,Computers,60,2,232,0,42,19,2,108,10.4
01-10-2021,Platform 1,channel 1,KvHZHCUnRS1G2k25DBXWig==,strangeadventure,01-10-2021,03-10-2021,EXPEDITION,WALLMART,Broad | adset 1,Broad,GyklXyqLs+X58idmnipQLA==umSH0KgpE5d1hk7z89WRYg==L2xLfMOQtVfGLNscF2lwlw==,https://www.walmart.com/zNwbVNv+6Wzm8qpln071bQ==,Expanded text ad,Computers,60,2,232,0,8,41,9,98,11.4
01-10-2021,Platform 1,channel 1,KvHZHCUnRS1G2k25DBXWig==,strangeadventure,01-10-2021,03-10-2021,EXPEDITION,WALLMART,Broad | adset 1,Broad,GyklXyqLs+X58idmnipQLA==umSH0KgpE5d1hk7z89WRYg==L2xLfMOQtVfGLNscF2lwlw==,https://www.walmart.com/zNwbVNv+6Wzm8qpln071bQ==,Expanded text ad,Mobile devices with full browsers,14,2,204,1,13,33,3,61,10.3
01-10-2021,Platform 1,channel 1,KvHZHCUnRS1G2k25DBXWig==,strangeadventure,01-10-2021,03-10-2021,EXPEDITION,WALLMART,Broad | adset 1,Broad,GyklXyqLs+X58idmnipQLA==umSH0KgpE5d1hk7z89WRYg==L2xLfMOQtVfGLNscF2lwlw==,https://www.walmart.com/zNwbVNv+6Wzm8qpln071bQ==,Expanded text ad,Mobile devices with full browsers,14,2,204,1,42,19,2,108,13.2
01-10-2021,Platform 1,channel 1,KvHZHCUnRS1G2k25DBXWig==,strangeadventure,01-10-2021,03-10-2021,EXPEDITION,WALLMART,Broad | adset 1,Broad,GyklXyqLs+X58idmnipQLA==umSH0KgpE5d1hk7z89WRYg==L2xLfMOQtVfGLNscF2lwlw==,https://www.walmart.com/zNwbVNv+6Wzm8qpln071bQ==,Expanded text ad,Mobile devices with full browsers,14,2,204,1,8,41,9,98,25.4
01-10-2021,Platform 1,channel 1,KvHZHCUnRS1G2k25DBXWig==,strangeadventure,01-10-2021,03-10-2021,EXPEDITION,WALLMART,Broad | adset 1,Broad,GyklXyqLs+X58idmnipQLA==umSH0KgpE5d1hk7z89WRYg==L2xLfMOQtVfGLNscF2lwlw==,https://www.walmart.com/zNwbVNv+6Wzm8qpln071bQ==,Expanded text ad,Mobile devices with full browsers,16,4,244,1,13,33,3,61,10.9
01-10-2021,Platform 1,channel 1,KvHZHCUnRS1G2k25DBXWig==,strangeadventure,01-10-2021,03-10-2021,EXPEDITION,WALLMART,Broad | adset 1,Broad,GyklXyqLs+X58idmnipQLA==umSH0KgpE5d1hk7z89WRYg==L2xLfMOQtVfGLNscF2lwlw==,https://www.walmart.com/zNwbVNv+6Wzm8qpln071bQ==,Expanded text ad,Mobile devices with full browsers,16,4,244,1,42,19,2,108,10.1
01-10-2021,Platform 1,channel 1,KvHZHCUnRS1G2k25DBXWig==,strangeadventure,01-10-2021,03-10-2021,EXPEDITION,WALLMART,Broad | adset 1,Broad,GyklXyqLs+X58idmnipQLA==umSH0KgpE5d1hk7z89WRYg==L2xLfMOQtVfGLNscF2lwlw==,https://www.walmart.com/zNwbVNv+6Wzm8qpln071bQ==,Expanded text ad,Mobile devices with full browsers,16,4,244,1,8,41,9,98,16.1
01-10-2021,Platform 1,channel 1,KvHZHCUnRS1G2k25DBXWig==,strangeadventure,01-10-2021,03-10-2021,EXPEDITION,WALLMART,Broad | adset 1,Broad,GyklXyqLs+X58idmnipQLA==umSH0KgpE5d1hk7z89WRYg==L2xLfMOQtVfGLNscF2lwlw==,https://www.walmart.com/zNwbVNv+6Wzm8qpln071bQ==,Expanded text ad,Computers,46,6,41,2,13,33,3,61,11.6
01-10-2021,Platform 1,channel 1,KvHZHCUnRS1G2k25DBXWig==,strangeadventure,01-10-2021,03-10-2021,EXPEDITION,WALLMART,Broad | adset 1,Broad,GyklXyqLs+X58idmnipQLA==umSH0KgpE5d1hk7z89WRYg==L2xLfMOQtVfGLNscF2lwlw==,https://www.walmart.com/zNwbVNv+6Wzm8qpln071bQ==,Expanded text ad,Computers,46,6,41,2,42,19,2,108,16.6
01-10-2021,Platform 1,channel 1,KvHZHCUnRS1G2k25DBXWig==,strangeadventure,01-10-2021,03-10-2021,EXPEDITION,WALLMART,Broad | adset 1,Broad,GyklXyqLs+X58idmnipQLA==umSH0KgpE5d1hk7z89WRYg==L2xLfMOQtVfGLNscF2lwlw==,https://www.walmart.com/zNwbVNv+6Wzm8qpln071bQ==,Expanded text ad,Computers,46,6,41,2,8,41,9,98,19
01-10-2021,Platform 1,channel 1,KvHZHCUnRS1G2k25DBXWig==,strangeadventure,01-10-2021,03-10-2021,EXPEDITION,WALLMART,Broad | adset 1,Broad,GyklXyqLs+X58idmnipQLA==umSH0KgpE5d1hk7z89WRYg==L2xLfMOQtVfGLNscF2lwlw==,https://www.walmart.com/zNwbVNv+6Wzm8qpln071bQ==,Expanded text ad,Mobile devices with full browsers,24,0,258,0,13,33,3,61,15.6
01-10-2021,Platform 1,channel 1,KvHZHCUnRS1G2k25DBXWig==,strangeadventure,01-10-2021,03-10-2021,EXPEDITION,WALLMART,Broad | adset 1,Broad,GyklXyqLs+X58idmnipQLA==umSH0KgpE5d1hk7z89WRYg==L2xLfMOQtVfGLNscF2lwlw==,https://www.walmart.com/zNwbVNv+6Wzm8qpln071bQ==,Expanded text ad,Mobile devices with full browsers,24,0,258,0,42,19,2,108,3.2
01-10-2021,Platform 1,channel 1,KvHZHCUnRS1G2k25DBXWig==,strangeadventure,01-10-2021,03-10-2021,EXPEDITION,WALLMART,Broad | adset 1,Broad,GyklXyqLs+X58idmnipQLA==umSH0KgpE5d1hk7z89WRYg==L2xLfMOQtVfGLNscF2lwlw==,https://www.walmart.com/zNwbVNv+6Wzm8qpln071bQ==,Expanded text ad,Mobile devices with full browsers,24,0,258,0,8,41,9,98,15.3
01-10-2021,Platform 1,channel 1,KvHZHCUnRS1G2k25DBXWig==,strangeadventure,01-10-2021,03-10-2021,EXPEDITION,WALLMART,Broad | adset 1,Broad,GyklXyqLs+X58idmnipQLA==umSH0KgpE5d1hk7z89WRYg==L2xLfMOQtVfGLNscF2lwlw==,https://www.walmart.com/zNwbVNv+6Wzm8qpln071bQ==,Expanded text ad,Tablets with full browsers,13,7,62,2,13,33,3,61,10.1
01-10-2021,Platform 1,channel 1,KvHZHCUnRS1G2k25DBXWig==,strangeadventure,01-10-2021,03-10-2021,EXPEDITION,WALLMART,Broad | adset 1,Broad,GyklXyqLs+X58idmnipQLA==umSH0KgpE5d1hk7z89WRYg==L2xLfMOQtVfGLNscF2lwlw==,https://www.walmart.com/zNwbVNv+6Wzm8qpln071bQ==,Expanded text ad,Tablets with full browsers,13,7,62,2,42,19,2,108,7.3
01-10-2021,Platform 1,channel 1,KvHZHCUnRS1G2k25DBXWig==,strangeadventure,01-10-2021,03-10-2021,EXPEDITION,WALLMART,Broad | adset 1,Broad,GyklXyqLs+X58idmnipQLA==umSH0KgpE5d1hk7z89WRYg==L2xLfMOQtVfGLNscF2lwlw==,https://www.walmart.com/zNwbVNv+6Wzm8qpln071bQ==,Expanded text ad,Tablets with full browsers,13,7,62,2,8,41,9,98,12.9
01-10-2021,Platform 1,channel 1,KvHZHCUnRS1G2k25DBXWig==,strangeadventure,01-10-2021,03-10-2021,EXPEDITION,WALLMART,Broad | adset 6,Broad,QdJfvxSJeSJoENaWwiOffA==umSH0KgpE5d1hk7z89WRYg==z5B9C8/Z5VLRNLQMKZB02g==,https://www.walmart.com/zNwbVNv+6Wzm8qpln071bQ==,Expanded text ad,Mobile devices with full browsers,23,0,121,2,13,33,3,61,14.4
01-10-2021,Platform 1,channel 1,KvHZHCUnRS1G2k25DBXWig==,strangeadventure,01-10-2021,03-10-2021,EXPEDITION,WALLMART,Broad | adset 6,Broad,QdJfvxSJeSJoENaWwiOffA==umSH0KgpE5d1hk7z89WRYg==z5B9C8/Z5VLRNLQMKZB02g==,https://www.walmart.com/zNwbVNv+6Wzm8qpln071bQ==,Expanded text ad,Mobile devices with full browsers,23,0,121,2,42,19,2,108,13.3
01-10-2021,Platform 1,channel 1,KvHZHCUnRS1G2k25DBXWig==,strangeadventure,01-10-2021,03-10-2021,EXPEDITION,WALLMART,Broad | adset 6,Broad,QdJfvxSJeSJoENaWwiOffA==umSH0KgpE5d1hk7z89WRYg==z5B9C8/Z5VLRNLQMKZB02g==,https://www.walmart.com/zNwbVNv+6Wzm8qpln071bQ==,Expanded text ad,Mobile devices with full browsers,23,0,121,2,8,41,9,98,14.9
01-10-2021,Platform 1,channel 1,KvHZHCUnRS1G2k25DBXWig==,strangeadventure,01-10-2021,03-10-2021,EXPEDITION,WALLMART,Broad | adset 6,Broad,QdJfvxSJeSJoENaWwiOffA==umSH0KgpE5d1hk7z89WRYg==L2xLfMOQtVfGLNscF2lwlw==,https://www.walmart.com/zNwbVNv+6Wzm8qpln071bQ==,Expanded text ad,Computers,35,2,154,0,13,33,3,61,18
01-10-2021,Platform 1,channel 1,KvHZHCUnRS1G2k25DBXWig==,strangeadventure,01-10-2021,03-10-2021,EXPEDITION,WALLMART,Broad | adset 6,Broad,QdJfvxSJeSJoENaWwiOffA==umSH0KgpE5d1hk7z89WRYg==L2xLfMOQtVfGLNscF2lwlw==,https://www.walmart.com/zNwbVNv+6Wzm8qpln071bQ==,Expanded text ad,Computers,35,2,154,0,42,19,2,108,11.9
01-10-2021,Platform 1,channel 1,KvHZHCUnRS1G2k25DBXWig==,strangeadventure,01-10-2021,03-10-2021,EXPEDITION,WALLMART,Broad | adset 6,Broad,QdJfvxSJeSJoENaWwiOffA==umSH0KgpE5d1hk7z89WRYg==L2xLfMOQtVfGLNscF2lwlw==,https://www.walmart.com/zNwbVNv+6Wzm8qpln071bQ==,Expanded text ad,Computers,35,2,154,0,8,41,9,98,11.9
01-10-2021,Platform 1,channel 1,KvHZHCUnRS1G2k25DBXWig==,strangeadventure,01-10-2021,03-10-2021,EXPEDITION,WALLMART,Broad | adset 6,Broad,QdJfvxSJeSJoENaWwiOffA==umSH0KgpE5d1hk7z89WRYg==L2xLfMOQtVfGLNscF2lwlw==,https://www.walmart.com/zNwbVNv+6Wzm8qpln071bQ==,Expanded text ad,Computers,0,2,307,0,13,33,3,61,8
01-10-2021,Platform 1,channel 1,KvHZHCUnRS1G2k25DBXWig==,strangeadventure,01-10-2021,03-10-2021,EXPEDITION,WALLMART,Broad | adset 6,Broad,QdJfvxSJeSJoENaWwiOffA==umSH0KgpE5d1hk7z89WRYg==L2xLfMOQtVfGLNscF2lwlw==,https://www.walmart.com/zNwbVNv+6Wzm8qpln071bQ==,Expanded text ad,Computers,0,2,307,0,42,19,2,108,12.2
01-10-2021,Platform 1,channel 1,KvHZHCUnRS1G2k25DBXWig==,strangeadventure,01-10-2021,03-10-2021,EXPEDITION,WALLMART,Broad | adset 6,Broad,QdJfvxSJeSJoENaWwiOffA==umSH0KgpE5d1hk7z89WRYg==L2xLfMOQtVfGLNscF2lwlw==,https://www.walmart.com/zNwbVNv+6Wzm8qpln071bQ==,Expanded text ad,Computers,0,2,307,0,8,41,9,98,17.1
01-10-2021,Platform 1,channel 1,DLH2GuJt0uJopHspKxKPmg==,fireshow,01-10-2021,03-10-2021,FIRE,WALLMART,Broad | adset 2,Broad,SowCbCM9exuZ+X63iu8LjQ==Mx8qJTEumedTsWDPtslNUg==SnxP7UR9LpnuNQsc4hjQWQ==,https://www.walmart.com/20eeOER9H5uao3snTZcYQg==,Expanded text ad,Mobile devices with full browsers,0,5,166,2,23,51,18,120,15
01-10-2021,Platform 1,channel 1,DLH2GuJt0uJopHspKxKPmg==,fireshow,01-10-2021,03-10-2021,FIRE,WALLMART,Broad | adset 2,Broad,SowCbCM9exuZ+X63iu8LjQ==Mx8qJTEumedTsWDPtslNUg==SnxP7UR9LpnuNQsc4hjQWQ==,https://www.walmart.com/20eeOER9H5uao3snTZcYQg==,Expanded text ad,Mobile devices with full browsers,0,5,166,2,42,31,17,25,8.4
01-10-2021,Platform 1,channel 1,DLH2GuJt0uJopHspKxKPmg==,fireshow,01-10-2021,03-10-2021,FIRE,WALLMART,Broad | adset 2,Broad,SowCbCM9exuZ+X63iu8LjQ==Mx8qJTEumedTsWDPtslNUg==SnxP7UR9LpnuNQsc4hjQWQ==,https://www.walmart.com/20eeOER9H5uao3snTZcYQg==,Expanded text ad,Mobile devices with full browsers,0,5,166,2,43,67,0,35,14.5
01-10-2021,Platform 1,channel 1,DLH2GuJt0uJopHspKxKPmg==,fireshow,01-10-2021,03-10-2021,FIRE,WALLMART,Broad | adset 2,Broad,SowCbCM9exuZ+X63iu8LjQ==Mx8qJTEumedTsWDPtslNUg==SnxP7UR9LpnuNQsc4hjQWQ==,https://www.walmart.com/20eeOER9H5uao3snTZcYQg==,Expanded text ad,Computers,76,5,73,2,23,51,18,120,7.6
01-10-2021,Platform 1,channel 1,DLH2GuJt0uJopHspKxKPmg==,fireshow,01-10-2021,03-10-2021,FIRE,WALLMART,Broad | adset 2,Broad,SowCbCM9exuZ+X63iu8LjQ==Mx8qJTEumedTsWDPtslNUg==SnxP7UR9LpnuNQsc4hjQWQ==,https://www.walmart.com/20eeOER9H5uao3snTZcYQg==,Expanded text ad,Computers,76,5,73,2,42,31,17,25,11.7
01-10-2021,Platform 1,channel 1,DLH2GuJt0uJopHspKxKPmg==,fireshow,01-10-2021,03-10-2021,FIRE,WALLMART,Broad | adset 2,Broad,SowCbCM9exuZ+X63iu8LjQ==Mx8qJTEumedTsWDPtslNUg==SnxP7UR9LpnuNQsc4hjQWQ==,https://www.walmart.com/20eeOER9H5uao3snTZcYQg==,Expanded text ad,Computers,76,5,73,2,43,67,0,35,11.5
01-10-2021,Platform 1,channel 1,DLH2GuJt0uJopHspKxKPmg==,fireshow,01-10-2021,03-10-2021,FIRE,WALLMART,Broad | adset 2,Broad,SowCbCM9exuZ+X63iu8LjQ==Mx8qJTEumedTsWDPtslNUg==SnxP7UR9LpnuNQsc4hjQWQ==,https://www.walmart.com/20eeOER9H5uao3snTZcYQg==,Expanded text ad,Mobile devices with full browsers,0,5,97,0,23,51,18,120,27
01-10-2021,Platform 1,channel 1,DLH2GuJt0uJopHspKxKPmg==,fireshow,01-10-2021,03-10-2021,FIRE,WALLMART,Broad | adset 2,Broad,SowCbCM9exuZ+X63iu8LjQ==Mx8qJTEumedTsWDPtslNUg==SnxP7UR9LpnuNQsc4hjQWQ==,https://www.walmart.com/20eeOER9H5uao3snTZcYQg==,Expanded text ad,Mobile devices with full browsers,0,5,97,0,42,31,17,25,20.2
01-10-2021,Platform 1,channel 1,DLH2GuJt0uJopHspKxKPmg==,fireshow,01-10-2021,03-10-2021,FIRE,WALLMART,Broad | adset 2,Broad,SowCbCM9exuZ+X63iu8LjQ==Mx8qJTEumedTsWDPtslNUg==SnxP7UR9LpnuNQsc4hjQWQ==,https://www.walmart.com/20eeOER9H5uao3snTZcYQg==,Expanded text ad,Mobile devices with full browsers,0,5,97,0,43,67,0,35,11.7
01-10-2021,Platform 1,channel 1,DLH2GuJt0uJopHspKxKPmg==,fireshow,01-10-2021,03-10-2021,FIRE,WALLMART,Broad | adset 3,Broad,UPJnHCZFxbNIdWJJhQsaow==PedHCrxoloJCT27vOsKTtw==SnxP7UR9LpnuNQsc4hjQWQ==,https://www.walmart.com/u7bSLghhEOsb5t992QsnTQ==,Expanded text ad,Mobile devices with full browsers,0,3,23,0,23,51,18,120,11.8
01-10-2021,Platform 1,channel 1,DLH2GuJt0uJopHspKxKPmg==,fireshow,01-10-2021,03-10-2021,FIRE,WALLMART,Broad | adset 3,Broad,UPJnHCZFxbNIdWJJhQsaow==PedHCrxoloJCT27vOsKTtw==SnxP7UR9LpnuNQsc4hjQWQ==,https://www.walmart.com/u7bSLghhEOsb5t992QsnTQ==,Expanded text ad,Mobile devices with full browsers,0,3,23,0,42,31,17,25,12.6
01-10-2021,Platform 1,channel 1,DLH2GuJt0uJopHspKxKPmg==,fireshow,01-10-2021,03-10-2021,FIRE,WALLMART,Broad | adset 3,Broad,UPJnHCZFxbNIdWJJhQsaow==PedHCrxoloJCT27vOsKTtw==SnxP7UR9LpnuNQsc4hjQWQ==,https://www.walmart.com/u7bSLghhEOsb5t992QsnTQ==,Expanded text ad,Mobile devices with full browsers,0,3,23,0,43,67,0,35,10.5
01-10-2021,Platform 1,channel 1,DLH2GuJt0uJopHspKxKPmg==,fireshow,01-10-2021,03-10-2021,FIRE,WALLMART,Broad | adset 3,Broad,UPJnHCZFxbNIdWJJhQsaow==PedHCrxoloJCT27vOsKTtw==SnxP7UR9LpnuNQsc4hjQWQ==,https://www.walmart.com/u7bSLghhEOsb5t992QsnTQ==,Expanded text ad,Mobile devices with full browsers,0,0,291,0,23,51,18,120,12.2
01-10-2021,Platform 1,channel 1,DLH2GuJt0uJopHspKxKPmg==,fireshow,01-10-2021,03-10-2021,FIRE,WALLMART,Broad | adset 3,Broad,UPJnHCZFxbNIdWJJhQsaow==PedHCrxoloJCT27vOsKTtw==SnxP7UR9LpnuNQsc4hjQWQ==,https://www.walmart.com/u7bSLghhEOsb5t992QsnTQ==,Expanded text ad,Mobile devices with full browsers,0,0,291,0,42,31,17,25,8.7
01-10-2021,Platform 1,channel 1,DLH2GuJt0uJopHspKxKPmg==,fireshow,01-10-2021,03-10-2021,FIRE,WALLMART,Broad | adset 3,Broad,UPJnHCZFxbNIdWJJhQsaow==PedHCrxoloJCT27vOsKTtw==SnxP7UR9LpnuNQsc4hjQWQ==,https://www.walmart.com/u7bSLghhEOsb5t992QsnTQ==,Expanded text ad,Mobile devices with full browsers,0,0,291,0,43,67,0,35,26.2
01-10-2021,Platform 1,channel 1,mAm0RQx8X+Ik8LZcWCrRGw==,cinema,01-10-2021,03-10-2021,DOLBY,WALLMART,adset 4,,acfgTJol4UMLE7ZHv0QW/w==bZ+rrt6wXYg/mMlPRefMYQ==v1uajNhKz8ZqV7ikkD+zUw==,https://www.walmart.com/AK/V/FgjmBOq14Kaq+dbBA==,Expanded text ad,Mobile devices with full browsers,1179,1,64,2,14,64,2,115,17.6
01-10-2021,Platform 1,channel 1,mAm0RQx8X+Ik8LZcWCrRGw==,cinema,01-10-2021,03-10-2021,DOLBY,WALLMART,adset 4,,acfgTJol4UMLE7ZHv0QW/w==bZ+rrt6wXYg/mMlPRefMYQ==v1uajNhKz8ZqV7ikkD+zUw==,https://www.walmart.com/AK/V/FgjmBOq14Kaq+dbBA==,Expanded text ad,Mobile devices with full browsers,1179,1,64,2,38,11,20,22,22.6
01-10-2021,Platform 1,channel 1,mAm0RQx8X+Ik8LZcWCrRGw==,cinema,01-10-2021,03-10-2021,DOLBY,WALLMART,adset 4,,acfgTJol4UMLE7ZHv0QW/w==bZ+rrt6wXYg/mMlPRefMYQ==v1uajNhKz8ZqV7ikkD+zUw==,https://www.walmart.com/AK/V/FgjmBOq14Kaq+dbBA==,Expanded text ad,Mobile devices with full browsers,1179,1,64,2,24,31,14,14,10.3
01-10-2021,Platform 1,channel 1,mAm0RQx8X+Ik8LZcWCrRGw==,cinema,01-10-2021,03-10-2021,DOLBY,WALLMART,adset 4,,acfgTJol4UMLE7ZHv0QW/w==bZ+rrt6wXYg/mMlPRefMYQ==v1uajNhKz8ZqV7ikkD+zUw==,https://www.walmart.com/AK/V/FgjmBOq14Kaq+dbBA==,Expanded text ad,Mobile devices with full browsers,1179,1,64,2,1,31,6,28,17.3
01-10-2021,Platform 1,channel 1,mAm0RQx8X+Ik8LZcWCrRGw==,cinema,01-10-2021,03-10-2021,DOLBY,WALLMART,adset 4,,acfgTJol4UMLE7ZHv0QW/w==bZ+rrt6wXYg/mMlPRefMYQ==v1uajNhKz8ZqV7ikkD+zUw==,https://www.walmart.com/AK/V/FgjmBOq14Kaq+dbBA==,Expanded text ad,Mobile devices with full browsers,34,5,30,2,14,64,2,115,15.9
01-10-2021,Platform 1,channel 1,mAm0RQx8X+Ik8LZcWCrRGw==,cinema,01-10-2021,03-10-2021,DOLBY,WALLMART,adset 4,,acfgTJol4UMLE7ZHv0QW/w==bZ+rrt6wXYg/mMlPRefMYQ==v1uajNhKz8ZqV7ikkD+zUw==,https://www.walmart.com/AK/V/FgjmBOq14Kaq+dbBA==,Expanded text ad,Mobile devices with full browsers,34,5,30,2,38,11,20,22,6.7
01-10-2021,Platform 1,channel 1,mAm0RQx8X+Ik8LZcWCrRGw==,cinema,01-10-2021,03-10-2021,DOLBY,WALLMART,adset 4,,acfgTJol4UMLE7ZHv0QW/w==bZ+rrt6wXYg/mMlPRefMYQ==v1uajNhKz8ZqV7ikkD+zUw==,https://www.walmart.com/AK/V/FgjmBOq14Kaq+dbBA==,Expanded text ad,Mobile devices with full browsers,34,5,30,2,24,31,14,14,10.8
01-10-2021,Platform 1,channel 1,mAm0RQx8X+Ik8LZcWCrRGw==,cinema,01-10-2021,03-10-2021,DOLBY,WALLMART,adset 4,,acfgTJol4UMLE7ZHv0QW/w==bZ+rrt6wXYg/mMlPRefMYQ==v1uajNhKz8ZqV7ikkD+zUw==,https://www.walmart.com/AK/V/FgjmBOq14Kaq+dbBA==,Expanded text ad,Mobile devices with full browsers,34,5,30,2,1,31,6,28,9.9
01-10-2021,Platform 1,channel 1,mAm0RQx8X+Ik8LZcWCrRGw==,cinema,01-10-2021,03-10-2021,DOLBY,WALLMART,adset 4,,acfgTJol4UMLE7ZHv0QW/w==bZ+rrt6wXYg/mMlPRefMYQ==v1uajNhKz8ZqV7ikkD+zUw==,https://www.walmart.com/AK/V/FgjmBOq14Kaq+dbBA==,Expanded text ad,Mobile devices with full browsers,0,1,60,0,14,64,2,115,5.9
01-10-2021,Platform 1,channel 1,mAm0RQx8X+Ik8LZcWCrRGw==,cinema,01-10-2021,03-10-2021,DOLBY,WALLMART,adset 4,,acfgTJol4UMLE7ZHv0QW/w==bZ+rrt6wXYg/mMlPRefMYQ==v1uajNhKz8ZqV7ikkD+zUw==,https://www.walmart.com/AK/V/FgjmBOq14Kaq+dbBA==,Expanded text ad,Mobile devices with full browsers,0,1,60,0,38,11,20,22,19.6
01-10-2021,Platform 1,channel 1,mAm0RQx8X+Ik8LZcWCrRGw==,cinema,01-10-2021,03-10-2021,DOLBY,WALLMART,adset 4,,acfgTJol4UMLE7ZHv0QW/w==bZ+rrt6wXYg/mMlPRefMYQ==v1uajNhKz8ZqV7ikkD+zUw==,https://www.walmart.com/AK/V/FgjmBOq14Kaq+dbBA==,Expanded text ad,Mobile devices with full browsers,0,1,60,0,24,31,14,14,17.3
01-10-2021,Platform 1,channel 1,mAm0RQx8X+Ik8LZcWCrRGw==,cinema,01-10-2021,03-10-2021,DOLBY,WALLMART,adset 4,,acfgTJol4UMLE7ZHv0QW/w==bZ+rrt6wXYg/mMlPRefMYQ==v1uajNhKz8ZqV7ikkD+zUw==,https://www.walmart.com/AK/V/FgjmBOq14Kaq+dbBA==,Expanded text ad,Mobile devices with full browsers,0,1,60,0,1,31,6,28,7.6
01-10-2021,Platform 1,channel 1,mAm0RQx8X+Ik8LZcWCrRGw==,cinema,01-10-2021,03-10-2021,DOLBY,WALLMART,adset 4,,acfgTJol4UMLE7ZHv0QW/w==bZ+rrt6wXYg/mMlPRefMYQ==v1uajNhKz8ZqV7ikkD+zUw==,https://www.walmart.com/AK/V/FgjmBOq14Kaq+dbBA==,Expanded text ad,Mobile devices with full browsers,0,8,334,2,14,64,2,115,9.7
01-10-2021,Platform 1,channel 1,mAm0RQx8X+Ik8LZcWCrRGw==,cinema,01-10-2021,03-10-2021,DOLBY,WALLMART,adset 4,,acfgTJol4UMLE7ZHv0QW/w==bZ+rrt6wXYg/mMlPRefMYQ==v1uajNhKz8ZqV7ikkD+zUw==,https://www.walmart.com/AK/V/FgjmBOq14Kaq+dbBA==,Expanded text ad,Mobile devices with full browsers,0,8,334,2,38,11,20,22,12.8
01-10-2021,Platform 1,channel 1,mAm0RQx8X+Ik8LZcWCrRGw==,cinema,01-10-2021,03-10-2021,DOLBY,WALLMART,adset 4,,acfgTJol4UMLE7ZHv0QW/w==bZ+rrt6wXYg/mMlPRefMYQ==v1uajNhKz8ZqV7ikkD+zUw==,https://www.walmart.com/AK/V/FgjmBOq14Kaq+dbBA==,Expanded text ad,Mobile devices with full browsers,0,8,334,2,24,31,14,14,25.5
01-10-2021,Platform 1,channel 1,mAm0RQx8X+Ik8LZcWCrRGw==,cinema,01-10-2021,03-10-2021,DOLBY,WALLMART,adset 4,,acfgTJol4UMLE7ZHv0QW/w==bZ+rrt6wXYg/mMlPRefMYQ==v1uajNhKz8ZqV7ikkD+zUw==,https://www.walmart.com/AK/V/FgjmBOq14Kaq+dbBA==,Expanded text ad,Mobile devices with full browsers,0,8,334,2,1,31,6,28,13.4
01-10-2021,Platform 1,channel 1,mAm0RQx8X+Ik8LZcWCrRGw==,cinema,01-10-2021,03-10-2021,DOLBY,WALLMART,adset 5,,acfgTJol4UMLE7ZHv0QW/w==hUiItm0I9kR01VZNoN32kg==v1uajNhKz8ZqV7ikkD+zUw==,https://www.walmart.com/AK/V/FgjmBOq14Kaq+dbBA==,Expanded text ad,Mobile devices with full browsers,182,1,311,2,14,64,2,115,
01-10-2021,Platform 1,channel 1,mAm0RQx8X+Ik8LZcWCrRGw==,cinema,01-10-2021,03-10-2021,DOLBY,WALLMART,adset 5,,acfgTJol4UMLE7ZHv0QW/w==hUiItm0I9kR01VZNoN32kg==v1uajNhKz8ZqV7ikkD+zUw==,https://www.walmart.com/AK/V/FgjmBOq14Kaq+dbBA==,Expanded text ad,Mobile devices with full browsers,182,1,311,2,38,11,20,22,
01-10-2021,Platform 1,channel 1,mAm0RQx8X+Ik8LZcWCrRGw==,cinema,01-10-2021,03-10-2021,DOLBY,WALLMART,adset 5,,acfgTJol4UMLE7ZHv0QW/w==hUiItm0I9kR01VZNoN32kg==v1uajNhKz8ZqV7ikkD+zUw==,https://www.walmart.com/AK/V/FgjmBOq14Kaq+dbBA==,Expanded text ad,Mobile devices with full browsers,182,1,311,2,24,31,14,14,
01-10-2021,Platform 1,channel 1,mAm0RQx8X+Ik8LZcWCrRGw==,cinema,01-10-2021,03-10-2021,DOLBY,WALLMART,adset 5,,acfgTJol4UMLE7ZHv0QW/w==hUiItm0I9kR01VZNoN32kg==v1uajNhKz8ZqV7ikkD+zUw==,https://www.walmart.com/AK/V/FgjmBOq14Kaq+dbBA==,Expanded text ad,Mobile devices with full browsers,182,1,311,2,1,31,6,28,
01-10-2021,Platform 1,channel 1,mAm0RQx8X+Ik8LZcWCrRGw==,cinema,01-10-2021,03-10-2021,DOLBY,WALLMART,adset 5,,acfgTJol4UMLE7ZHv0QW/w==hUiItm0I9kR01VZNoN32kg==v1uajNhKz8ZqV7ikkD+zUw==,https://www.walmart.com/AK/V/FgjmBOq14Kaq+dbBA==,Expanded text ad,Tablets with full browsers,0,5,279,1,14,64,2,115,
01-10-2021,Platform 1,channel 1,mAm0RQx8X+Ik8LZcWCrRGw==,cinema,01-10-2021,03-10-2021,DOLBY,WALLMART,adset 5,,acfgTJol4UMLE7ZHv0QW/w==hUiItm0I9kR01VZNoN32kg==v1uajNhKz8ZqV7ikkD+zUw==,https://www.walmart.com/AK/V/FgjmBOq14Kaq+dbBA==,Expanded text ad,Tablets with full browsers,0,5,279,1,38,11,20,22,
01-10-2021,Platform 1,channel 1,mAm0RQx8X+Ik8LZcWCrRGw==,cinema,01-10-2021,03-10-2021,DOLBY,WALLMART,adset 5,,acfgTJol4UMLE7ZHv0QW/w==hUiItm0I9kR01VZNoN32kg==v1uajNhKz8ZqV7ikkD+zUw==,https://www.walmart.com/AK/V/FgjmBOq14Kaq+dbBA==,Expanded text ad,Tablets with full browsers,0,5,279,1,24,31,14,14,
01-10-2021,Platform 1,channel 1,mAm0RQx8X+Ik8LZcWCrRGw==,cinema,01-10-2021,03-10-2021,DOLBY,WALLMART,adset 5,,acfgTJol4UMLE7ZHv0QW/w==hUiItm0I9kR01VZNoN32kg==v1uajNhKz8ZqV7ikkD+zUw==,https://www.walmart.com/AK/V/FgjmBOq14Kaq+dbBA==,Expanded text ad,Tablets with full browsers,0,5,279,1,1,31,6,28,
01-10-2021,Platform 1,channel 1,mAm0RQx8X+Ik8LZcWCrRGw==,cinema,01-10-2021,03-10-2021,DOLBY,WALLMART,adset 5,,acfgTJol4UMLE7ZHv0QW/w==hUiItm0I9kR01VZNoN32kg==v1uajNhKz8ZqV7ikkD+zUw==,https://www.walmart.com/AK/V/FgjmBOq14Kaq+dbBA==,Expanded text ad,Mobile devices with full browsers,0,3,119,2,14,64,2,115,
01-10-2021,Platform 1,channel 1,mAm0RQx8X+Ik8LZcWCrRGw==,cinema,01-10-2021,03-10-2021,DOLBY,WALLMART,adset 5,,acfgTJol4UMLE7ZHv0QW/w==hUiItm0I9kR01VZNoN32kg==v1uajNhKz8ZqV7ikkD+zUw==,https://www.walmart.com/AK/V/FgjmBOq14Kaq+dbBA==,Expanded text ad,Mobile devices with full browsers,0,3,119,2,38,11,20,22,
01-10-2021,Platform 1,channel 1,mAm0RQx8X+Ik8LZcWCrRGw==,cinema,01-10-2021,03-10-2021,DOLBY,WALLMART,adset 5,,acfgTJol4UMLE7ZHv0QW/w==hUiItm0I9kR01VZNoN32kg==v1uajNhKz8ZqV7ikkD+zUw==,https://www.walmart.com/AK/V/FgjmBOq14Kaq+dbBA==,Expanded text ad,Mobile devices with full browsers,0,3,119,2,24,31,14,14,
01-10-2021,Platform 1,channel 1,mAm0RQx8X+Ik8LZcWCrRGw==,cinema,01-10-2021,03-10-2021,DOLBY,WALLMART,adset 5,,acfgTJol4UMLE7ZHv0QW/w==hUiItm0I9kR01VZNoN32kg==v1uajNhKz8ZqV7ikkD+zUw==,https://www.walmart.com/AK/V/FgjmBOq14Kaq+dbBA==,Expanded text ad,Mobile devices with full browsers,0,3,119,2,1,31,6,28,
01-10-2021,Platform 1,channel 1,mAm0RQx8X+Ik8LZcWCrRGw==,cinema,01-10-2021,03-10-2021,DOLBY,WALLMART,adset 5,,acfgTJol4UMLE7ZHv0QW/w==hUiItm0I9kR01VZNoN32kg==v1uajNhKz8ZqV7ikkD+zUw==,https://www.walmart.com/AK/V/FgjmBOq14Kaq+dbBA==,Expanded text ad,Computers,0,5,273,0,14,64,2,115,
01-10-2021,Platform 1,channel 1,mAm0RQx8X+Ik8LZcWCrRGw==,cinema,01-10-2021,03-10-2021,DOLBY,WALLMART,adset 5,,acfgTJol4UMLE7ZHv0QW/w==hUiItm0I9kR01VZNoN32kg==v1uajNhKz8ZqV7ikkD+zUw==,https://www.walmart.com/AK/V/FgjmBOq14Kaq+dbBA==,Expanded text ad,Computers,0,5,273,0,38,11,20,22,
01-10-2021,Platform 1,channel 1,mAm0RQx8X+Ik8LZcWCrRGw==,cinema,01-10-2021,03-10-2021,DOLBY,WALLMART,adset 5,,acfgTJol4UMLE7ZHv0QW/w==hUiItm0I9kR01VZNoN32kg==v1uajNhKz8ZqV7ikkD+zUw==,https://www.walmart.com/AK/V/FgjmBOq14Kaq+dbBA==,Expanded text ad,Computers,0,5,273,0,24,31,14,14,
01-10-2021,Platform 1,channel 1,mAm0RQx8X+Ik8LZcWCrRGw==,cinema,01-10-2021,03-10-2021,DOLBY,WALLMART,adset 5,,acfgTJol4UMLE7ZHv0QW/w==hUiItm0I9kR01VZNoN32kg==v1uajNhKz8ZqV7ikkD+zUw==,https://www.walmart.com/AK/V/FgjmBOq14Kaq+dbBA==,Expanded text ad,Computers,0,5,273,0,1,31,6,28,
02-10-2021,Platform 2,channel 2,KvHZHCUnRS1G2k25DBXWig==,fighter,01-10-2021,03-10-2021,AMA,SITE,text 2,,Zd+2skv6YeFpQm3rmXiBNQ==umSH0KgpE5d1hk7z89WRYg==,https://www.site.ru,Expanded text ad,Mobile devices with full browsers,8079,2,327,3,38,42,14,1,
02-10-2021,Platform 2,channel 2,KvHZHCUnRS1G2k25DBXWig==,fighter,01-10-2021,03-10-2021,AMA,SITE,text 2,,Zd+2skv6YeFpQm3rmXiBNQ==umSH0KgpE5d1hk7z89WRYg==,https://www.site.ru,Expanded text ad,Mobile devices with full browsers,8079,2,327,3,12,60,14,69,
02-10-2021,Platform 2,channel 2,KvHZHCUnRS1G2k25DBXWig==,fighter,01-10-2021,03-10-2021,AMA,SITE,text 2,,Zd+2skv6YeFpQm3rmXiBNQ==umSH0KgpE5d1hk7z89WRYg==,https://www.site.ru,Expanded text ad,Mobile devices with full browsers,845,2,80,0,38,42,14,1,
02-10-2021,Platform 2,channel 2,KvHZHCUnRS1G2k25DBXWig==,fighter,01-10-2021,03-10-2021,AMA,SITE,text 2,,Zd+2skv6YeFpQm3rmXiBNQ==umSH0KgpE5d1hk7z89WRYg==,https://www.site.ru,Expanded text ad,Mobile devices with full browsers,845,2,80,0,12,60,14,69,
02-10-2021,Platform 2,channel 2,KvHZHCUnRS1G2k25DBXWig==,fighter,01-10-2021,03-10-2021,AMA,SITE,text 2,,Zd+2skv6YeFpQm3rmXiBNQ==umSH0KgpE5d1hk7z89WRYg==,https://www.site.ru,Expanded text ad,Mobile devices with full browsers,1553,3,26,1,38,42,14,1,
02-10-2021,Platform 2,channel 2,KvHZHCUnRS1G2k25DBXWig==,fighter,01-10-2021,03-10-2021,AMA,SITE,text 2,,Zd+2skv6YeFpQm3rmXiBNQ==umSH0KgpE5d1hk7z89WRYg==,https://www.site.ru,Expanded text ad,Mobile devices with full browsers,1553,3,26,1,12,60,14,69,
02-10-2021,Platform 2,channel 2,KvHZHCUnRS1G2k25DBXWig==,fighter,01-10-2021,03-10-2021,AMA,SITE,text 2,,Zd+2skv6YeFpQm3rmXiBNQ==umSH0KgpE5d1hk7z89WRYg==,https://www.site.ru,Expanded text ad,Mobile devices with full browsers,6279,4,242,3,38,42,14,1,
02-10-2021,Platform 2,channel 2,KvHZHCUnRS1G2k25DBXWig==,fighter,01-10-2021,03-10-2021,AMA,SITE,text 2,,Zd+2skv6YeFpQm3rmXiBNQ==umSH0KgpE5d1hk7z89WRYg==,https://www.site.ru,Expanded text ad,Mobile devices with full browsers,6279,4,242,3,12,60,14,69,
02-10-2021,Platform 2,channel 2,KvHZHCUnRS1G2k25DBXWig==,fighter,01-10-2021,03-10-2021,AMA,SITE,text 2,,Zd+2skv6YeFpQm3rmXiBNQ==umSH0KgpE5d1hk7z89WRYg==,https://www.site.ru,Expanded text ad,Mobile devices with full browsers,3054,5,301,1,38,42,14,1,
02-10-2021,Platform 2,channel 2,KvHZHCUnRS1G2k25DBXWig==,fighter,01-10-2021,03-10-2021,AMA,SITE,text 2,,Zd+2skv6YeFpQm3rmXiBNQ==umSH0KgpE5d1hk7z89WRYg==,https://www.site.ru,Expanded text ad,Mobile devices with full browsers,3054,5,301,1,12,60,14,69,
02-10-2021,Platform 2,channel 2,KvHZHCUnRS1G2k25DBXWig==,fighter,01-10-2021,03-10-2021,AMA,SITE,text 2,,Zd+2skv6YeFpQm3rmXiBNQ==umSH0KgpE5d1hk7z89WRYg==,https://www.site.ru,Expanded text ad,Computers,4400,5,132,1,38,42,14,1,
02-10-2021,Platform 2,channel 2,KvHZHCUnRS1G2k25DBXWig==,fighter,01-10-2021,03-10-2021,AMA,SITE,text 2,,Zd+2skv6YeFpQm3rmXiBNQ==umSH0KgpE5d1hk7z89WRYg==,https://www.site.ru,Expanded text ad,Computers,4400,5,132,1,12,60,14,69,
02-10-2021,Platform 2,channel 2,KvHZHCUnRS1G2k25DBXWig==,fighter,01-10-2021,03-10-2021,AMA,SITE,text 2,,Zd+2skv6YeFpQm3rmXiBNQ==umSH0KgpE5d1hk7z89WRYg==,https://www.site.ru,Expanded text ad,Tablets with full browsers,3900,2,283,3,38,42,14,1,
02-10-2021,Platform 2,channel 2,KvHZHCUnRS1G2k25DBXWig==,fighter,01-10-2021,03-10-2021,AMA,SITE,text 2,,Zd+2skv6YeFpQm3rmXiBNQ==umSH0KgpE5d1hk7z89WRYg==,https://www.site.ru,Expanded text ad,Tablets with full browsers,3900,2,283,3,12,60,14,69,
02-10-2021,Platform 2,channel 2,KvHZHCUnRS1G2k25DBXWig==,fighter,01-10-2021,03-10-2021,AMA,SITE,text 2,,Zd+2skv6YeFpQm3rmXiBNQ==umSH0KgpE5d1hk7z89WRYg==,https://www.site.ru,Expanded text ad,Tablets with full browsers,600,4,332,2,38,42,14,1,
02-10-2021,Platform 2,channel 2,KvHZHCUnRS1G2k25DBXWig==,fighter,01-10-2021,03-10-2021,AMA,SITE,text 2,,Zd+2skv6YeFpQm3rmXiBNQ==umSH0KgpE5d1hk7z89WRYg==,https://www.site.ru,Expanded text ad,Tablets with full browsers,600,4,332,2,12,60,14,69,
02-10-2021,Platform 2,channel 2,KvHZHCUnRS1G2k25DBXWig==,fighter,01-10-2021,03-10-2021,AMA,SITE,text 2,,Zd+2skv6YeFpQm3rmXiBNQ==umSH0KgpE5d1hk7z89WRYg==,https://www.site.ru,Expanded text ad,Computers,500,3,232,3,38,42,14,1,
02-10-2021,Platform 2,channel 2,KvHZHCUnRS1G2k25DBXWig==,fighter,01-10-2021,03-10-2021,AMA,SITE,text 2,,Zd+2skv6YeFpQm3rmXiBNQ==umSH0KgpE5d1hk7z89WRYg==,https://www.site.ru,Expanded text ad,Computers,500,3,232,3,12,60,14,69,
02-10-2021,Platform 2,channel 2,KvHZHCUnRS1G2k25DBXWig==,fighter,01-10-2021,03-10-2021,AMA,SITE,text 2,,Zd+2skv6YeFpQm3rmXiBNQ==umSH0KgpE5d1hk7z89WRYg==,https://www.site.ru,Expanded text ad,Computers,1100,3,282,3,38,42,14,1,
02-10-2021,Platform 2,channel 2,KvHZHCUnRS1G2k25DBXWig==,fighter,01-10-2021,03-10-2021,AMA,SITE,text 2,,Zd+2skv6YeFpQm3rmXiBNQ==umSH0KgpE5d1hk7z89WRYg==,https://www.site.ru,Expanded text ad,Computers,1100,3,282,3,12,60,14,69,
02-10-2021,Platform 2,channel 2,KvHZHCUnRS1G2k25DBXWig==,fighter,01-10-2021,03-10-2021,AMA,SITE,text 2,,Zd+2skv6YeFpQm3rmXiBNQ==umSH0KgpE5d1hk7z89WRYg==,https://www.site.ru,Expanded text ad,Computers,4100,2,143,2,38,42,14,1,
02-10-2021,Platform 2,channel 2,KvHZHCUnRS1G2k25DBXWig==,fighter,01-10-2021,03-10-2021,AMA,SITE,text 2,,Zd+2skv6YeFpQm3rmXiBNQ==umSH0KgpE5d1hk7z89WRYg==,https://www.site.ru,Expanded text ad,Computers,4100,2,143,2,12,60,14,69,
02-10-2021,Platform 2,channel 2,KvHZHCUnRS1G2k25DBXWig==,fighter,01-10-2021,03-10-2021,AMA,SITE,text 2,,Zd+2skv6YeFpQm3rmXiBNQ==umSH0KgpE5d1hk7z89WRYg==,https://www.site.ru,Expanded text ad,Tablets with full browsers,4200,5,273,1,38,42,14,1,
02-10-2021,Platform 2,channel 2,KvHZHCUnRS1G2k25DBXWig==,fighter,01-10-2021,03-10-2021,AMA,SITE,text 2,,Zd+2skv6YeFpQm3rmXiBNQ==umSH0KgpE5d1hk7z89WRYg==,https://www.site.ru,Expanded text ad,Tablets with full browsers,4200,5,273,1,12,60,14,69,
02-10-2021,Platform 2,channel 2,KvHZHCUnRS1G2k25DBXWig==,fighter,01-10-2021,03-10-2021,AMA,SITE,text 2,,Zd+2skv6YeFpQm3rmXiBNQ==umSH0KgpE5d1hk7z89WRYg==,https://www.site.ru,Expanded text ad,Tablets with full browsers,1700,0,51,3,38,42,14,1,
02-10-2021,Platform 2,channel 2,KvHZHCUnRS1G2k25DBXWig==,fighter,01-10-2021,03-10-2021,AMA,SITE,text 2,,Zd+2skv6YeFpQm3rmXiBNQ==umSH0KgpE5d1hk7z89WRYg==,https://www.site.ru,Expanded text ad,Tablets with full browsers,1700,0,51,3,12,60,14,69,
02-10-2021,Platform 2,channel 2,KvHZHCUnRS1G2k25DBXWig==,fighter,01-10-2021,03-10-2021,AMA,SITE,text 2,,Zd+2skv6YeFpQm3rmXiBNQ==umSH0KgpE5d1hk7z89WRYg==,https://www.site.ru,Expanded text ad,Computers,4500,2,320,1,38,42,14,1,
02-10-2021,Platform 2,channel 2,KvHZHCUnRS1G2k25DBXWig==,fighter,01-10-2021,03-10-2021,AMA,SITE,text 2,,Zd+2skv6YeFpQm3rmXiBNQ==umSH0KgpE5d1hk7z89WRYg==,https://www.site.ru,Expanded text ad,Computers,4500,2,320,1,12,60,14,69,
02-10-2021,Platform 2,channel 2,KvHZHCUnRS1G2k25DBXWig==,fighter,01-10-2021,03-10-2021,AMA,SITE,text 4,,AOCxKJicyxXiji5QJtFJuA==umSH0KgpE5d1hk7z89WRYg==,https://www.site.ru,Expanded text ad,Mobile devices with full browsers,6300,2,223,0,38,42,14,1,
02-10-2021,Platform 2,channel 2,KvHZHCUnRS1G2k25DBXWig==,fighter,01-10-2021,03-10-2021,AMA,SITE,text 4,,AOCxKJicyxXiji5QJtFJuA==umSH0KgpE5d1hk7z89WRYg==,https://www.site.ru,Expanded text ad,Mobile devices with full browsers,6300,2,223,0,12,60,14,69,
02-10-2021,Platform 2,channel 2,KvHZHCUnRS1G2k25DBXWig==,fighter,01-10-2021,03-10-2021,AMA,SITE,text 4,,AOCxKJicyxXiji5QJtFJuA==umSH0KgpE5d1hk7z89WRYg==,https://www.site.ru,Expanded text ad,Mobile devices with full browsers,5500,2,302,3,38,42,14,1,
02-10-2021,Platform 2,channel 2,KvHZHCUnRS1G2k25DBXWig==,fighter,01-10-2021,03-10-2021,AMA,SITE,text 4,,AOCxKJicyxXiji5QJtFJuA==umSH0KgpE5d1hk7z89WRYg==,https://www.site.ru,Expanded text ad,Mobile devices with full browsers,5500,2,302,3,12,60,14,69,
02-10-2021,Platform 2,channel 2,KvHZHCUnRS1G2k25DBXWig==,fighter,01-10-2021,03-10-2021,AMA,SITE,text 4,,AOCxKJicyxXiji5QJtFJuA==umSH0KgpE5d1hk7z89WRYg==,https://www.site.ru,Expanded text ad,Mobile devices with full browsers,7400,5,38,3,38,42,14,1,
02-10-2021,Platform 2,channel 2,KvHZHCUnRS1G2k25DBXWig==,fighter,01-10-2021,03-10-2021,AMA,SITE,text 4,,AOCxKJicyxXiji5QJtFJuA==umSH0KgpE5d1hk7z89WRYg==,https://www.site.ru,Expanded text ad,Mobile devices with full browsers,7400,5,38,3,12,60,14,69,
02-10-2021,Platform 2,channel 2,KvHZHCUnRS1G2k25DBXWig==,amacrm,01-10-2021,03-10-2021,AMA,WALLMART,Broad Tr | text 1,Broad Tr,YqeNG+/UId+kO2KLjzKxBg==12CHLK78S8wvbxj70aCyoA==,https://www.walmart.com,Expanded text ad,Tablets with full browsers,5700,0,106,1,70,66,19,17,
02-10-2021,Platform 2,channel 2,KvHZHCUnRS1G2k25DBXWig==,amacrm,01-10-2021,03-10-2021,AMA,WALLMART,Broad Tr | text 1,Broad Tr,YqeNG+/UId+kO2KLjzKxBg==12CHLK78S8wvbxj70aCyoA==,https://www.walmart.com,Expanded text ad,Tablets with full browsers,5700,0,106,1,34,5,8,92,
02-10-2021,Platform 2,channel 2,KvHZHCUnRS1G2k25DBXWig==,amacrm,01-10-2021,03-10-2021,AMA,WALLMART,Broad Tr | text 1,Broad Tr,YqeNG+/UId+kO2KLjzKxBg==12CHLK78S8wvbxj70aCyoA==,https://www.walmart.com,Expanded text ad,Tablets with full browsers,5700,0,106,1,25,66,3,51,
02-10-2021,Platform 2,channel 2,KvHZHCUnRS1G2k25DBXWig==,amacrm,01-10-2021,03-10-2021,AMA,WALLMART,Broad Tr | text 1,Broad Tr,YqeNG+/UId+kO2KLjzKxBg==12CHLK78S8wvbxj70aCyoA==,https://www.walmart.com,Expanded text ad,Tablets with full browsers,5700,0,106,1,35,23,6,34,
02-10-2021,Platform 2,channel 2,KvHZHCUnRS1G2k25DBXWig==,amacrm,01-10-2021,03-10-2021,AMA,WALLMART,Broad Tr | text 1,Broad Tr,YqeNG+/UId+kO2KLjzKxBg==12CHLK78S8wvbxj70aCyoA==,https://www.walmart.com,Expanded text ad,Tablets with full browsers,5700,0,106,1,0,70,17,92,
02-10-2021,Platform 2,channel 2,KvHZHCUnRS1G2k25DBXWig==,amacrm,01-10-2021,03-10-2021,AMA,WALLMART,Broad Tr | text 1,Broad Tr,YqeNG+/UId+kO2KLjzKxBg==12CHLK78S8wvbxj70aCyoA==,https://www.walmart.com,Expanded text ad,Mobile devices with full browsers,7012,3,290,0,70,66,19,17,
02-10-2021,Platform 2,channel 2,KvHZHCUnRS1G2k25DBXWig==,amacrm,01-10-2021,03-10-2021,AMA,WALLMART,Broad Tr | text 1,Broad Tr,YqeNG+/UId+kO2KLjzKxBg==12CHLK78S8wvbxj70aCyoA==,https://www.walmart.com,Expanded text ad,Mobile devices with full browsers,7012,3,290,0,34,5,8,92,
02-10-2021,Platform 2,channel 2,KvHZHCUnRS1G2k25DBXWig==,amacrm,01-10-2021,03-10-2021,AMA,WALLMART,Broad Tr | text 1,Broad Tr,YqeNG+/UId+kO2KLjzKxBg==12CHLK78S8wvbxj70aCyoA==,https://www.walmart.com,Expanded text ad,Mobile devices with full browsers,7012,3,290,0,25,66,3,51,
02-10-2021,Platform 2,channel 2,KvHZHCUnRS1G2k25DBXWig==,amacrm,01-10-2021,03-10-2021,AMA,WALLMART,Broad Tr | text 1,Broad Tr,YqeNG+/UId+kO2KLjzKxBg==12CHLK78S8wvbxj70aCyoA==,https://www.walmart.com,Expanded text ad,Mobile devices with full browsers,7012,3,290,0,35,23,6,34,
02-10-2021,Platform 2,channel 2,KvHZHCUnRS1G2k25DBXWig==,amacrm,01-10-2021,03-10-2021,AMA,WALLMART,Broad Tr | text 1,Broad Tr,YqeNG+/UId+kO2KLjzKxBg==12CHLK78S8wvbxj70aCyoA==,https://www.walmart.com,Expanded text ad,Mobile devices with full browsers,7012,3,290,0,0,70,17,92,
02-10-2021,Platform 2,channel 2,KvHZHCUnRS1G2k25DBXWig==,amacrm,01-10-2021,03-10-2021,AMA,WALLMART,Broad Tr | text 1,Broad Tr,YqeNG+/UId+kO2KLjzKxBg==12CHLK78S8wvbxj70aCyoA==,https://www.walmart.com,Expanded text ad,Mobile devices with full browsers,0,4,340,0,70,66,19,17,
02-10-2021,Platform 2,channel 2,KvHZHCUnRS1G2k25DBXWig==,amacrm,01-10-2021,03-10-2021,AMA,WALLMART,Broad Tr | text 1,Broad Tr,YqeNG+/UId+kO2KLjzKxBg==12CHLK78S8wvbxj70aCyoA==,https://www.walmart.com,Expanded text ad,Mobile devices with full browsers,0,4,340,0,34,5,8,92,
02-10-2021,Platform 2,channel 2,KvHZHCUnRS1G2k25DBXWig==,amacrm,01-10-2021,03-10-2021,AMA,WALLMART,Broad Tr | text 1,Broad Tr,YqeNG+/UId+kO2KLjzKxBg==12CHLK78S8wvbxj70aCyoA==,https://www.walmart.com,Expanded text ad,Mobile devices with full browsers,0,4,340,0,25,66,3,51,
02-10-2021,Platform 2,channel 2,KvHZHCUnRS1G2k25DBXWig==,amacrm,01-10-2021,03-10-2021,AMA,WALLMART,Broad Tr | text 1,Broad Tr,YqeNG+/UId+kO2KLjzKxBg==12CHLK78S8wvbxj70aCyoA==,https://www.walmart.com,Expanded text ad,Mobile devices with full browsers,0,4,340,0,35,23,6,34,
02-10-2021,Platform 2,channel 2,KvHZHCUnRS1G2k25DBXWig==,amacrm,01-10-2021,03-10-2021,AMA,WALLMART,Broad Tr | text 1,Broad Tr,YqeNG+/UId+kO2KLjzKxBg==12CHLK78S8wvbxj70aCyoA==,https://www.walmart.com,Expanded text ad,Mobile devices with full browsers,0,4,340,0,0,70,17,92,
02-10-2021,Platform 2,channel 2,KvHZHCUnRS1G2k25DBXWig==,amacrm,01-10-2021,03-10-2021,AMA,WALLMART,Broad Tr | text 1,Broad Tr,YqeNG+/UId+kO2KLjzKxBg==12CHLK78S8wvbxj70aCyoA==,https://www.walmart.com,Expanded text ad,Mobile devices with full browsers,4900,1,22,0,70,66,19,17,
02-10-2021,Platform 2,channel 2,KvHZHCUnRS1G2k25DBXWig==,amacrm,01-10-2021,03-10-2021,AMA,WALLMART,Broad Tr | text 1,Broad Tr,YqeNG+/UId+kO2KLjzKxBg==12CHLK78S8wvbxj70aCyoA==,https://www.walmart.com,Expanded text ad,Mobile devices with full browsers,4900,1,22,0,34,5,8,92,
02-10-2021,Platform 2,channel 2,KvHZHCUnRS1G2k25DBXWig==,amacrm,01-10-2021,03-10-2021,AMA,WALLMART,Broad Tr | text 1,Broad Tr,YqeNG+/UId+kO2KLjzKxBg==12CHLK78S8wvbxj70aCyoA==,https://www.walmart.com,Expanded text ad,Mobile devices with full browsers,4900,1,22,0,25,66,3,51,
02-10-2021,Platform 2,channel 2,KvHZHCUnRS1G2k25DBXWig==,amacrm,01-10-2021,03-10-2021,AMA,WALLMART,Broad Tr | text 1,Broad Tr,YqeNG+/UId+kO2KLjzKxBg==12CHLK78S8wvbxj70aCyoA==,https://www.walmart.com,Expanded text ad,Mobile devices with full browsers,4900,1,22,0,35,23,6,34,
02-10-2021,Platform 2,channel 2,KvHZHCUnRS1G2k25DBXWig==,amacrm,01-10-2021,03-10-2021,AMA,WALLMART,Broad Tr | text 1,Broad Tr,YqeNG+/UId+kO2KLjzKxBg==12CHLK78S8wvbxj70aCyoA==,https://www.walmart.com,Expanded text ad,Mobile devices with full browsers,4900,1,22,0,0,70,17,92,
02-10-2021,Platform 2,channel 2,KvHZHCUnRS1G2k25DBXWig==,amacrm,01-10-2021,03-10-2021,AMA,WALLMART,Broad Tr | text 1,Broad Tr,YqeNG+/UId+kO2KLjzKxBg==12CHLK78S8wvbxj70aCyoA==,https://www.walmart.com,Expanded text ad,Computers,6500,4,317,0,70,66,19,17,
02-10-2021,Platform 2,channel 2,KvHZHCUnRS1G2k25DBXWig==,amacrm,01-10-2021,03-10-2021,AMA,WALLMART,Broad Tr | text 1,Broad Tr,YqeNG+/UId+kO2KLjzKxBg==12CHLK78S8wvbxj70aCyoA==,https://www.walmart.com,Expanded text ad,Computers,6500,4,317,0,34,5,8,92,
02-10-2021,Platform 2,channel 2,KvHZHCUnRS1G2k25DBXWig==,amacrm,01-10-2021,03-10-2021,AMA,WALLMART,Broad Tr | text 1,Broad Tr,YqeNG+/UId+kO2KLjzKxBg==12CHLK78S8wvbxj70aCyoA==,https://www.walmart.com,Expanded text ad,Computers,6500,4,317,0,25,66,3,51,
02-10-2021,Platform 2,channel 2,KvHZHCUnRS1G2k25DBXWig==,amacrm,01-10-2021,03-10-2021,AMA,WALLMART,Broad Tr | text 1,Broad Tr,YqeNG+/UId+kO2KLjzKxBg==12CHLK78S8wvbxj70aCyoA==,https://www.walmart.com,Expanded text ad,Computers,6500,4,317,0,35,23,6,34,
02-10-2021,Platform 2,channel 2,KvHZHCUnRS1G2k25DBXWig==,amacrm,01-10-2021,03-10-2021,AMA,WALLMART,Broad Tr | text 1,Broad Tr,YqeNG+/UId+kO2KLjzKxBg==12CHLK78S8wvbxj70aCyoA==,https://www.walmart.com,Expanded text ad,Computers,6500,4,317,0,0,70,17,92,
02-10-2021,Platform 2,channel 2,KvHZHCUnRS1G2k25DBXWig==,amacrm,01-10-2021,03-10-2021,AMA,WALLMART,Broad Tr | text 1,Broad Tr,YqeNG+/UId+kO2KLjzKxBg==12CHLK78S8wvbxj70aCyoA==,https://www.walmart.com,Expanded text ad,Computers,2400,2,296,3,70,66,19,17,
02-10-2021,Platform 2,channel 2,KvHZHCUnRS1G2k25DBXWig==,amacrm,01-10-2021,03-10-2021,AMA,WALLMART,Broad Tr | text 1,Broad Tr,YqeNG+/UId+kO2KLjzKxBg==12CHLK78S8wvbxj70aCyoA==,https://www.walmart.com,Expanded text ad,Computers,2400,2,296,3,34,5,8,92,
02-10-2021,Platform 2,channel 2,KvHZHCUnRS1G2k25DBXWig==,amacrm,01-10-2021,03-10-2021,AMA,WALLMART,Broad Tr | text 1,Broad Tr,YqeNG+/UId+kO2KLjzKxBg==12CHLK78S8wvbxj70aCyoA==,https://www.walmart.com,Expanded text ad,Computers,2400,2,296,3,25,66,3,51,
02-10-2021,Platform 2,channel 2,KvHZHCUnRS1G2k25DBXWig==,amacrm,01-10-2021,03-10-2021,AMA,WALLMART,Broad Tr | text 1,Broad Tr,YqeNG+/UId+kO2KLjzKxBg==12CHLK78S8wvbxj70aCyoA==,https://www.walmart.com,Expanded text ad,Computers,2400,2,296,3,35,23,6,34,
02-10-2021,Platform 2,channel 2,KvHZHCUnRS1G2k25DBXWig==,amacrm,01-10-2021,03-10-2021,AMA,WALLMART,Broad Tr | text 1,Broad Tr,YqeNG+/UId+kO2KLjzKxBg==12CHLK78S8wvbxj70aCyoA==,https://www.walmart.com,Expanded text ad,Computers,2400,2,296,3,0,70,17,92,
02-10-2021,Platform 2,channel 2,KvHZHCUnRS1G2k25DBXWig==,amacrm,01-10-2021,03-10-2021,AMA,WALLMART,Broad Tr | text 3,Broad Tr,x/NX0dIXDXJ5O2JeVUj0hg==mRLvPGX0fBcYn83RRfMbYw==,https://www.walmart.com,Expanded text ad,Mobile devices with full browsers,1700,1,60,1,70,66,19,17,
02-10-2021,Platform 2,channel 2,KvHZHCUnRS1G2k25DBXWig==,amacrm,01-10-2021,03-10-2021,AMA,WALLMART,Broad Tr | text 3,Broad Tr,x/NX0dIXDXJ5O2JeVUj0hg==mRLvPGX0fBcYn83RRfMbYw==,https://www.walmart.com,Expanded text ad,Mobile devices with full browsers,1700,1,60,1,34,5,8,92,
02-10-2021,Platform 2,channel 2,KvHZHCUnRS1G2k25DBXWig==,amacrm,01-10-2021,03-10-2021,AMA,WALLMART,Broad Tr | text 3,Broad Tr,x/NX0dIXDXJ5O2JeVUj0hg==mRLvPGX0fBcYn83RRfMbYw==,https://www.walmart.com,Expanded text ad,Mobile devices with full browsers,1700,1,60,1,25,66,3,51,
02-10-2021,Platform 2,channel 2,KvHZHCUnRS1G2k25DBXWig==,amacrm,01-10-2021,03-10-2021,AMA,WALLMART,Broad Tr | text 3,Broad Tr,x/NX0dIXDXJ5O2JeVUj0hg==mRLvPGX0fBcYn83RRfMbYw==,https://www.walmart.com,Expanded text ad,Mobile devices with full browsers,1700,1,60,1,35,23,6,34,
02-10-2021,Platform 2,channel 2,KvHZHCUnRS1G2k25DBXWig==,amacrm,01-10-2021,03-10-2021,AMA,WALLMART,Broad Tr | text 3,Broad Tr,x/NX0dIXDXJ5O2JeVUj0hg==mRLvPGX0fBcYn83RRfMbYw==,https://www.walmart.com,Expanded text ad,Mobile devices with full browsers,1700,1,60,1,0,70,17,92,
02-10-2021,Platform 2,channel 2,KvHZHCUnRS1G2k25DBXWig==,amacrm,01-10-2021,03-10-2021,AMA,WALLMART,Broad Tr | text 3,Broad Tr,x/NX0dIXDXJ5O2JeVUj0hg==mRLvPGX0fBcYn83RRfMbYw==,https://www.walmart.com,Expanded text ad,Computers,4800,0,212,2,70,66,19,17,
02-10-2021,Platform 2,channel 2,KvHZHCUnRS1G2k25DBXWig==,amacrm,01-10-2021,03-10-2021,AMA,WALLMART,Broad Tr | text 3,Broad Tr,x/NX0dIXDXJ5O2JeVUj0hg==mRLvPGX0fBcYn83RRfMbYw==,https://www.walmart.com,Expanded text ad,Computers,4800,0,212,2,34,5,8,92,
02-10-2021,Platform 2,channel 2,KvHZHCUnRS1G2k25DBXWig==,amacrm,01-10-2021,03-10-2021,AMA,WALLMART,Broad Tr | text 3,Broad Tr,x/NX0dIXDXJ5O2JeVUj0hg==mRLvPGX0fBcYn83RRfMbYw==,https://www.walmart.com,Expanded text ad,Computers,4800,0,212,2,25,66,3,51,
02-10-2021,Platform 2,channel 2,KvHZHCUnRS1G2k25DBXWig==,amacrm,01-10-2021,03-10-2021,AMA,WALLMART,Broad Tr | text 3,Broad Tr,x/NX0dIXDXJ5O2JeVUj0hg==mRLvPGX0fBcYn83RRfMbYw==,https://www.walmart.com,Expanded text ad,Computers,4800,0,212,2,35,23,6,34,
02-10-2021,Platform 2,channel 2,KvHZHCUnRS1G2k25DBXWig==,amacrm,01-10-2021,03-10-2021,AMA,WALLMART,Broad Tr | text 3,Broad Tr,x/NX0dIXDXJ5O2JeVUj0hg==mRLvPGX0fBcYn83RRfMbYw==,https://www.walmart.com,Expanded text ad,Computers,4800,0,212,2,0,70,17,92,
02-10-2021,Platform 2,channel 2,KvHZHCUnRS1G2k25DBXWig==,amacrm,01-10-2021,03-10-2021,AMA,WALLMART,Broad Tr | text 3,Broad Tr,x/NX0dIXDXJ5O2JeVUj0hg==mRLvPGX0fBcYn83RRfMbYw==,https://www.walmart.com,Expanded text ad,Mobile devices with full browsers,3600,2,336,0,70,66,19,17,
02-10-2021,Platform 2,channel 2,KvHZHCUnRS1G2k25DBXWig==,amacrm,01-10-2021,03-10-2021,AMA,WALLMART,Broad Tr | text 3,Broad Tr,x/NX0dIXDXJ5O2JeVUj0hg==mRLvPGX0fBcYn83RRfMbYw==,https://www.walmart.com,Expanded text ad,Mobile devices with full browsers,3600,2,336,0,34,5,8,92,
02-10-2021,Platform 2,channel 2,KvHZHCUnRS1G2k25DBXWig==,amacrm,01-10-2021,03-10-2021,AMA,WALLMART,Broad Tr | text 3,Broad Tr,x/NX0dIXDXJ5O2JeVUj0hg==mRLvPGX0fBcYn83RRfMbYw==,https://www.walmart.com,Expanded text ad,Mobile devices with full browsers,3600,2,336,0,25,66,3,51,
02-10-2021,Platform 2,channel 2,KvHZHCUnRS1G2k25DBXWig==,amacrm,01-10-2021,03-10-2021,AMA,WALLMART,Broad Tr | text 3,Broad Tr,x/NX0dIXDXJ5O2JeVUj0hg==mRLvPGX0fBcYn83RRfMbYw==,https://www.walmart.com,Expanded text ad,Mobile devices with full browsers,3600,2,336,0,35,23,6,34,
02-10-2021,Platform 2,channel 2,KvHZHCUnRS1G2k25DBXWig==,amacrm,01-10-2021,03-10-2021,AMA,WALLMART,Broad Tr | text 3,Broad Tr,x/NX0dIXDXJ5O2JeVUj0hg==mRLvPGX0fBcYn83RRfMbYw==,https://www.walmart.com,Expanded text ad,Mobile devices with full browsers,3600,2,336,0,0,70,17,92,
02-10-2021,Platform 2,channel 2,KvHZHCUnRS1G2k25DBXWig==,amacrm,01-10-2021,03-10-2021,AMA,WALLMART,Broad Tr | text 3,Broad Tr,x/NX0dIXDXJ5O2JeVUj0hg==mRLvPGX0fBcYn83RRfMbYw==,https://www.walmart.com,Expanded text ad,Mobile devices with full browsers,7100,0,123,0,70,66,19,17,
02-10-2021,Platform 2,channel 2,KvHZHCUnRS1G2k25DBXWig==,amacrm,01-10-2021,03-10-2021,AMA,WALLMART,Broad Tr | text 3,Broad Tr,x/NX0dIXDXJ5O2JeVUj0hg==mRLvPGX0fBcYn83RRfMbYw==,https://www.walmart.com,Expanded text ad,Mobile devices with full browsers,7100,0,123,0,34,5,8,92,
02-10-2021,Platform 2,channel 2,KvHZHCUnRS1G2k25DBXWig==,amacrm,01-10-2021,03-10-2021,AMA,WALLMART,Broad Tr | text 3,Broad Tr,x/NX0dIXDXJ5O2JeVUj0hg==mRLvPGX0fBcYn83RRfMbYw==,https://www.walmart.com,Expanded text ad,Mobile devices with full browsers,7100,0,123,0,25,66,3,51,
02-10-2021,Platform 2,channel 2,KvHZHCUnRS1G2k25DBXWig==,amacrm,01-10-2021,03-10-2021,AMA,WALLMART,Broad Tr | text 3,Broad Tr,x/NX0dIXDXJ5O2JeVUj0hg==mRLvPGX0fBcYn83RRfMbYw==,https://www.walmart.com,Expanded text ad,Mobile devices with full browsers,7100,0,123,0,35,23,6,34,
02-10-2021,Platform 2,channel 2,KvHZHCUnRS1G2k25DBXWig==,amacrm,01-10-2021,03-10-2021,AMA,WALLMART,Broad Tr | text 3,Broad Tr,x/NX0dIXDXJ5O2JeVUj0hg==mRLvPGX0fBcYn83RRfMbYw==,https://www.walmart.com,Expanded text ad,Mobile devices with full browsers,7100,0,123,0,0,70,17,92,
02-10-2021,Platform 2,channel 2,KvHZHCUnRS1G2k25DBXWig==,amacrm,01-10-2021,03-10-2021,AMA,WALLMART,Broad Tr | text 3,Broad Tr,x/NX0dIXDXJ5O2JeVUj0hg==mRLvPGX0fBcYn83RRfMbYw==,https://www.walmart.com,Expanded text ad,Computers,800,0,64,2,70,66,19,17,
02-10-2021,Platform 2,channel 2,KvHZHCUnRS1G2k25DBXWig==,amacrm,01-10-2021,03-10-2021,AMA,WALLMART,Broad Tr | text 3,Broad Tr,x/NX0dIXDXJ5O2JeVUj0hg==mRLvPGX0fBcYn83RRfMbYw==,https://www.walmart.com,Expanded text ad,Computers,800,0,64,2,34,5,8,92,
02-10-2021,Platform 2,channel 2,KvHZHCUnRS1G2k25DBXWig==,amacrm,01-10-2021,03-10-2021,AMA,WALLMART,Broad Tr | text 3,Broad Tr,x/NX0dIXDXJ5O2JeVUj0hg==mRLvPGX0fBcYn83RRfMbYw==,https://www.walmart.com,Expanded text ad,Computers,800,0,64,2,25,66,3,51,
02-10-2021,Platform 2,channel 2,KvHZHCUnRS1G2k25DBXWig==,amacrm,01-10-2021,03-10-2021,AMA,WALLMART,Broad Tr | text 3,Broad Tr,x/NX0dIXDXJ5O2JeVUj0hg==mRLvPGX0fBcYn83RRfMbYw==,https://www.walmart.com,Expanded text ad,Computers,800,0,64,2,35,23,6,34,
02-10-2021,Platform 2,channel 2,KvHZHCUnRS1G2k25DBXWig==,amacrm,01-10-2021,03-10-2021,AMA,WALLMART,Broad Tr | text 3,Broad Tr,x/NX0dIXDXJ5O2JeVUj0hg==mRLvPGX0fBcYn83RRfMbYw==,https://www.walmart.com,Expanded text ad,Computers,800,0,64,2,0,70,17,92,
02-10-2021,Platform 2,channel 2,DLH2GuJt0uJopHspKxKPmg==,student,01-10-2021,03-10-2021,UNIVERSITY,WALLMART,Broad Tr | text 5,Broad Tr,IU5a2+QIPHTDpAUH69SJmw==fLFwmpZpCje4FV/syLYS8g==,https://www.walmart.com,Expanded text ad,Mobile devices with full browsers,100,5,116,3,48,50,1,87,
02-10-2021,Platform 2,channel 2,DLH2GuJt0uJopHspKxKPmg==,student,01-10-2021,03-10-2021,UNIVERSITY,WALLMART,Broad Tr | text 5,Broad Tr,IU5a2+QIPHTDpAUH69SJmw==fLFwmpZpCje4FV/syLYS8g==,https://www.walmart.com,Expanded text ad,Mobile devices with full browsers,100,5,116,3,19,17,11,90,
02-10-2021,Platform 2,channel 2,DLH2GuJt0uJopHspKxKPmg==,student,01-10-2021,03-10-2021,UNIVERSITY,WALLMART,Broad Tr | text 5,Broad Tr,IU5a2+QIPHTDpAUH69SJmw==fLFwmpZpCje4FV/syLYS8g==,https://www.walmart.com,Expanded text ad,Mobile devices with full browsers,100,5,116,3,40,11,12,82,
02-10-2021,Platform 2,channel 2,DLH2GuJt0uJopHspKxKPmg==,student,01-10-2021,03-10-2021,UNIVERSITY,WALLMART,Broad Tr | text 5,Broad Tr,IU5a2+QIPHTDpAUH69SJmw==S2YGN4JApQtan9HGz/89Xw==,https://www.walmart.com,Expanded text ad,Mobile devices with full browsers,2300,5,261,2,48,50,1,87,
02-10-2021,Platform 2,channel 2,DLH2GuJt0uJopHspKxKPmg==,student,01-10-2021,03-10-2021,UNIVERSITY,WALLMART,Broad Tr | text 5,Broad Tr,IU5a2+QIPHTDpAUH69SJmw==S2YGN4JApQtan9HGz/89Xw==,https://www.walmart.com,Expanded text ad,Mobile devices with full browsers,2300,5,261,2,19,17,11,90,
02-10-2021,Platform 2,channel 2,DLH2GuJt0uJopHspKxKPmg==,student,01-10-2021,03-10-2021,UNIVERSITY,WALLMART,Broad Tr | text 5,Broad Tr,IU5a2+QIPHTDpAUH69SJmw==S2YGN4JApQtan9HGz/89Xw==,https://www.walmart.com,Expanded text ad,Mobile devices with full browsers,2300,5,261,2,40,11,12,82,
02-10-2021,Platform 2,channel 2,DLH2GuJt0uJopHspKxKPmg==,student,01-10-2021,03-10-2021,UNIVERSITY,WALLMART,Broad Tr | text 5,Broad Tr,IU5a2+QIPHTDpAUH69SJmw==S2YGN4JApQtan9HGz/89Xw==,https://www.walmart.com,Expanded text ad,Mobile devices with full browsers,5300,5,71,2,48,50,1,87,
02-10-2021,Platform 2,channel 2,DLH2GuJt0uJopHspKxKPmg==,student,01-10-2021,03-10-2021,UNIVERSITY,WALLMART,Broad Tr | text 5,Broad Tr,IU5a2+QIPHTDpAUH69SJmw==S2YGN4JApQtan9HGz/89Xw==,https://www.walmart.com,Expanded text ad,Mobile devices with full browsers,5300,5,71,2,19,17,11,90,
02-10-2021,Platform 2,channel 2,DLH2GuJt0uJopHspKxKPmg==,student,01-10-2021,03-10-2021,UNIVERSITY,WALLMART,Broad Tr | text 5,Broad Tr,IU5a2+QIPHTDpAUH69SJmw==S2YGN4JApQtan9HGz/89Xw==,https://www.walmart.com,Expanded text ad,Mobile devices with full browsers,5300,5,71,2,40,11,12,82,
02-10-2021,Platform 2,channel 2,DLH2GuJt0uJopHspKxKPmg==,student,01-10-2021,03-10-2021,UNIVERSITY,WALLMART,Broad Tr | text 5,Broad Tr,IU5a2+QIPHTDpAUH69SJmw==S2YGN4JApQtan9HGz/89Xw==,https://www.walmart.com,Expanded text ad,Computers,7800,0,153,0,48,50,1,87,
02-10-2021,Platform 2,channel 2,DLH2GuJt0uJopHspKxKPmg==,student,01-10-2021,03-10-2021,UNIVERSITY,WALLMART,Broad Tr | text 5,Broad Tr,IU5a2+QIPHTDpAUH69SJmw==S2YGN4JApQtan9HGz/89Xw==,https://www.walmart.com,Expanded text ad,Computers,7800,0,153,0,19,17,11,90,
02-10-2021,Platform 2,channel 2,DLH2GuJt0uJopHspKxKPmg==,student,01-10-2021,03-10-2021,UNIVERSITY,WALLMART,Broad Tr | text 5,Broad Tr,IU5a2+QIPHTDpAUH69SJmw==S2YGN4JApQtan9HGz/89Xw==,https://www.walmart.com,Expanded text ad,Computers,7800,0,153,0,40,11,12,82,
02-10-2021,Platform 2,channel 2,DLH2GuJt0uJopHspKxKPmg==,student,01-10-2021,03-10-2021,UNIVERSITY,WALLMART,Broad Tr | text 6,Broad Tr,47jjpDqTQZoLDfFlKARLFw==Hqk/VLPHz41FvsXyyXvRPQ==,https://www.walmart.com,Expanded text ad,Mobile devices with full browsers,1200,4,152,2,48,50,1,87,
02-10-2021,Platform 2,channel 2,DLH2GuJt0uJopHspKxKPmg==,student,01-10-2021,03-10-2021,UNIVERSITY,WALLMART,Broad Tr | text 6,Broad Tr,47jjpDqTQZoLDfFlKARLFw==Hqk/VLPHz41FvsXyyXvRPQ==,https://www.walmart.com,Expanded text ad,Mobile devices with full browsers,1200,4,152,2,19,17,11,90,
02-10-2021,Platform 2,channel 2,DLH2GuJt0uJopHspKxKPmg==,student,01-10-2021,03-10-2021,UNIVERSITY,WALLMART,Broad Tr | text 6,Broad Tr,47jjpDqTQZoLDfFlKARLFw==Hqk/VLPHz41FvsXyyXvRPQ==,https://www.walmart.com,Expanded text ad,Mobile devices with full browsers,1200,4,152,2,40,11,12,82,
02-10-2021,Platform 2,channel 2,DLH2GuJt0uJopHspKxKPmg==,student,01-10-2021,03-10-2021,UNIVERSITY,WALLMART,Broad Tr | text 6,Broad Tr,47jjpDqTQZoLDfFlKARLFw==Hqk/VLPHz41FvsXyyXvRPQ==,https://www.walmart.com,Expanded text ad,Mobile devices with full browsers,0,2,11,2,48,50,1,87,
02-10-2021,Platform 2,channel 2,DLH2GuJt0uJopHspKxKPmg==,student,01-10-2021,03-10-2021,UNIVERSITY,WALLMART,Broad Tr | text 6,Broad Tr,47jjpDqTQZoLDfFlKARLFw==Hqk/VLPHz41FvsXyyXvRPQ==,https://www.walmart.com,Expanded text ad,Mobile devices with full browsers,0,2,11,2,19,17,11,90,
02-10-2021,Platform 2,channel 2,DLH2GuJt0uJopHspKxKPmg==,student,01-10-2021,03-10-2021,UNIVERSITY,WALLMART,Broad Tr | text 6,Broad Tr,47jjpDqTQZoLDfFlKARLFw==Hqk/VLPHz41FvsXyyXvRPQ==,https://www.walmart.com,Expanded text ad,Mobile devices with full browsers,0,2,11,2,40,11,12,82,
02-10-2021,Platform 1,channel 1,KvHZHCUnRS1G2k25DBXWig==,strangeadventure,01-10-2021,03-10-2021,EXPEDITION,WALLMART,Broad | adset 1,Broad,GyklXyqLs+X58idmnipQLA==q9wKnBCOfg2UHGZSeDSwQw==z5B9C8/Z5VLRNLQMKZB02g==,https://www.walmart.com/zNwbVNv+6Wzm8qpln071bQ==,Expanded text ad,Mobile devices with full browsers,938,1,115,1,66,8,1,35,
02-10-2021,Platform 1,channel 1,KvHZHCUnRS1G2k25DBXWig==,strangeadventure,01-10-2021,03-10-2021,EXPEDITION,WALLMART,Broad | adset 1,Broad,GyklXyqLs+X58idmnipQLA==q9wKnBCOfg2UHGZSeDSwQw==z5B9C8/Z5VLRNLQMKZB02g==,https://www.walmart.com/zNwbVNv+6Wzm8qpln071bQ==,Expanded text ad,Mobile devices with full browsers,938,1,115,1,53,15,10,32,
02-10-2021,Platform 1,channel 1,KvHZHCUnRS1G2k25DBXWig==,strangeadventure,01-10-2021,03-10-2021,EXPEDITION,WALLMART,Broad | adset 1,Broad,GyklXyqLs+X58idmnipQLA==q9wKnBCOfg2UHGZSeDSwQw==z5B9C8/Z5VLRNLQMKZB02g==,https://www.walmart.com/zNwbVNv+6Wzm8qpln071bQ==,Expanded text ad,Mobile devices with full browsers,938,1,115,1,15,55,10,15,
02-10-2021,Platform 1,channel 1,KvHZHCUnRS1G2k25DBXWig==,strangeadventure,01-10-2021,03-10-2021,EXPEDITION,WALLMART,Broad | adset 1,Broad,GyklXyqLs+X58idmnipQLA==nooZCXrrniLjba8brIDdvA==L2xLfMOQtVfGLNscF2lwlw==,https://www.walmart.com/zNwbVNv+6Wzm8qpln071bQ==,Expanded text ad,Mobile devices with full browsers,23,4,285,1,66,8,1,35,
02-10-2021,Platform 1,channel 1,KvHZHCUnRS1G2k25DBXWig==,strangeadventure,01-10-2021,03-10-2021,EXPEDITION,WALLMART,Broad | adset 1,Broad,GyklXyqLs+X58idmnipQLA==nooZCXrrniLjba8brIDdvA==L2xLfMOQtVfGLNscF2lwlw==,https://www.walmart.com/zNwbVNv+6Wzm8qpln071bQ==,Expanded text ad,Mobile devices with full browsers,23,4,285,1,53,15,10,32,
02-10-2021,Platform 1,channel 1,KvHZHCUnRS1G2k25DBXWig==,strangeadventure,01-10-2021,03-10-2021,EXPEDITION,WALLMART,Broad | adset 1,Broad,GyklXyqLs+X58idmnipQLA==nooZCXrrniLjba8brIDdvA==L2xLfMOQtVfGLNscF2lwlw==,https://www.walmart.com/zNwbVNv+6Wzm8qpln071bQ==,Expanded text ad,Mobile devices with full browsers,23,4,285,1,15,55,10,15,
02-10-2021,Platform 1,channel 1,KvHZHCUnRS1G2k25DBXWig==,strangeadventure,01-10-2021,03-10-2021,EXPEDITION,WALLMART,Broad | adset 1,Broad,GyklXyqLs+X58idmnipQLA==q9wKnBCOfg2UHGZSeDSwQw==z5B9C8/Z5VLRNLQMKZB02g==,https://www.walmart.com/zNwbVNv+6Wzm8qpln071bQ==,Expanded text ad,Mobile devices with full browsers,84,6,343,1,66,8,1,35,
02-10-2021,Platform 1,channel 1,KvHZHCUnRS1G2k25DBXWig==,strangeadventure,01-10-2021,03-10-2021,EXPEDITION,WALLMART,Broad | adset 1,Broad,GyklXyqLs+X58idmnipQLA==q9wKnBCOfg2UHGZSeDSwQw==z5B9C8/Z5VLRNLQMKZB02g==,https://www.walmart.com/zNwbVNv+6Wzm8qpln071bQ==,Expanded text ad,Mobile devices with full browsers,84,6,343,1,53,15,10,32,
02-10-2021,Platform 1,channel 1,KvHZHCUnRS1G2k25DBXWig==,strangeadventure,01-10-2021,03-10-2021,EXPEDITION,WALLMART,Broad | adset 1,Broad,GyklXyqLs+X58idmnipQLA==q9wKnBCOfg2UHGZSeDSwQw==z5B9C8/Z5VLRNLQMKZB02g==,https://www.walmart.com/zNwbVNv+6Wzm8qpln071bQ==,Expanded text ad,Mobile devices with full browsers,84,6,343,1,15,55,10,15,
02-10-2021,Platform 1,channel 1,KvHZHCUnRS1G2k25DBXWig==,strangeadventure,01-10-2021,03-10-2021,EXPEDITION,WALLMART,Broad | adset 1,Broad,GyklXyqLs+X58idmnipQLA==q9wKnBCOfg2UHGZSeDSwQw==z5B9C8/Z5VLRNLQMKZB02g==,https://www.walmart.com/zNwbVNv+6Wzm8qpln071bQ==,Expanded text ad,Mobile devices with full browsers,75,8,263,2,66,8,1,35,
02-10-2021,Platform 1,channel 1,KvHZHCUnRS1G2k25DBXWig==,strangeadventure,01-10-2021,03-10-2021,EXPEDITION,WALLMART,Broad | adset 1,Broad,GyklXyqLs+X58idmnipQLA==q9wKnBCOfg2UHGZSeDSwQw==z5B9C8/Z5VLRNLQMKZB02g==,https://www.walmart.com/zNwbVNv+6Wzm8qpln071bQ==,Expanded text ad,Mobile devices with full browsers,75,8,263,2,53,15,10,32,
02-10-2021,Platform 1,channel 1,KvHZHCUnRS1G2k25DBXWig==,strangeadventure,01-10-2021,03-10-2021,EXPEDITION,WALLMART,Broad | adset 1,Broad,GyklXyqLs+X58idmnipQLA==q9wKnBCOfg2UHGZSeDSwQw==z5B9C8/Z5VLRNLQMKZB02g==,https://www.walmart.com/zNwbVNv+6Wzm8qpln071bQ==,Expanded text ad,Mobile devices with full browsers,75,8,263,2,15,55,10,15,
02-10-2021,Platform 1,channel 1,KvHZHCUnRS1G2k25DBXWig==,strangeadventure,01-10-2021,03-10-2021,EXPEDITION,WALLMART,Broad | adset 1,Broad,GyklXyqLs+X58idmnipQLA==q9wKnBCOfg2UHGZSeDSwQw==z5B9C8/Z5VLRNLQMKZB02g==,https://www.walmart.com/zNwbVNv+6Wzm8qpln071bQ==,Expanded text ad,Mobile devices with full browsers,79,3,283,2,66,8,1,35,
02-10-2021,Platform 1,channel 1,KvHZHCUnRS1G2k25DBXWig==,strangeadventure,01-10-2021,03-10-2021,EXPEDITION,WALLMART,Broad | adset 1,Broad,GyklXyqLs+X58idmnipQLA==q9wKnBCOfg2UHGZSeDSwQw==z5B9C8/Z5VLRNLQMKZB02g==,https://www.walmart.com/zNwbVNv+6Wzm8qpln071bQ==,Expanded text ad,Mobile devices with full browsers,79,3,283,2,53,15,10,32,
02-10-2021,Platform 1,channel 1,KvHZHCUnRS1G2k25DBXWig==,strangeadventure,01-10-2021,03-10-2021,EXPEDITION,WALLMART,Broad | adset 1,Broad,GyklXyqLs+X58idmnipQLA==q9wKnBCOfg2UHGZSeDSwQw==z5B9C8/Z5VLRNLQMKZB02g==,https://www.walmart.com/zNwbVNv+6Wzm8qpln071bQ==,Expanded text ad,Mobile devices with full browsers,79,3,283,2,15,55,10,15,
02-10-2021,Platform 1,channel 1,KvHZHCUnRS1G2k25DBXWig==,strangeadventure,01-10-2021,03-10-2021,EXPEDITION,WALLMART,Broad | adset 1,Broad,GyklXyqLs+X58idmnipQLA==umSH0KgpE5d1hk7z89WRYg==L2xLfMOQtVfGLNscF2lwlw==,https://www.walmart.com/zNwbVNv+6Wzm8qpln071bQ==,Expanded text ad,Mobile devices with full browsers,90,2,323,1,66,8,1,35,
02-10-2021,Platform 1,channel 1,KvHZHCUnRS1G2k25DBXWig==,strangeadventure,01-10-2021,03-10-2021,EXPEDITION,WALLMART,Broad | adset 1,Broad,GyklXyqLs+X58idmnipQLA==umSH0KgpE5d1hk7z89WRYg==L2xLfMOQtVfGLNscF2lwlw==,https://www.walmart.com/zNwbVNv+6Wzm8qpln071bQ==,Expanded text ad,Mobile devices with full browsers,90,2,323,1,53,15,10,32,
02-10-2021,Platform 1,channel 1,KvHZHCUnRS1G2k25DBXWig==,strangeadventure,01-10-2021,03-10-2021,EXPEDITION,WALLMART,Broad | adset 1,Broad,GyklXyqLs+X58idmnipQLA==umSH0KgpE5d1hk7z89WRYg==L2xLfMOQtVfGLNscF2lwlw==,https://www.walmart.com/zNwbVNv+6Wzm8qpln071bQ==,Expanded text ad,Mobile devices with full browsers,90,2,323,1,15,55,10,15,
02-10-2021,Platform 1,channel 1,KvHZHCUnRS1G2k25DBXWig==,strangeadventure,01-10-2021,03-10-2021,EXPEDITION,WALLMART,Broad | adset 1,Broad,GyklXyqLs+X58idmnipQLA==umSH0KgpE5d1hk7z89WRYg==L2xLfMOQtVfGLNscF2lwlw==,https://www.walmart.com/zNwbVNv+6Wzm8qpln071bQ==,Expanded text ad,Mobile devices with full browsers,41,2,135,2,66,8,1,35,
02-10-2021,Platform 1,channel 1,KvHZHCUnRS1G2k25DBXWig==,strangeadventure,01-10-2021,03-10-2021,EXPEDITION,WALLMART,Broad | adset 1,Broad,GyklXyqLs+X58idmnipQLA==umSH0KgpE5d1hk7z89WRYg==L2xLfMOQtVfGLNscF2lwlw==,https://www.walmart.com/zNwbVNv+6Wzm8qpln071bQ==,Expanded text ad,Mobile devices with full browsers,41,2,135,2,53,15,10,32,
02-10-2021,Platform 1,channel 1,KvHZHCUnRS1G2k25DBXWig==,strangeadventure,01-10-2021,03-10-2021,EXPEDITION,WALLMART,Broad | adset 1,Broad,GyklXyqLs+X58idmnipQLA==umSH0KgpE5d1hk7z89WRYg==L2xLfMOQtVfGLNscF2lwlw==,https://www.walmart.com/zNwbVNv+6Wzm8qpln071bQ==,Expanded text ad,Mobile devices with full browsers,41,2,135,2,15,55,10,15,
02-10-2021,Platform 1,channel 1,KvHZHCUnRS1G2k25DBXWig==,strangeadventure,01-10-2021,03-10-2021,EXPEDITION,WALLMART,Broad | adset 1,Broad,GyklXyqLs+X58idmnipQLA==umSH0KgpE5d1hk7z89WRYg==L2xLfMOQtVfGLNscF2lwlw==,https://www.walmart.com/zNwbVNv+6Wzm8qpln071bQ==,Expanded text ad,Mobile devices with full browsers,59,8,326,1,66,8,1,35,
02-10-2021,Platform 1,channel 1,KvHZHCUnRS1G2k25DBXWig==,strangeadventure,01-10-2021,03-10-2021,EXPEDITION,WALLMART,Broad | adset 1,Broad,GyklXyqLs+X58idmnipQLA==umSH0KgpE5d1hk7z89WRYg==L2xLfMOQtVfGLNscF2lwlw==,https://www.walmart.com/zNwbVNv+6Wzm8qpln071bQ==,Expanded text ad,Mobile devices with full browsers,59,8,326,1,53,15,10,32,
02-10-2021,Platform 1,channel 1,KvHZHCUnRS1G2k25DBXWig==,strangeadventure,01-10-2021,03-10-2021,EXPEDITION,WALLMART,Broad | adset 1,Broad,GyklXyqLs+X58idmnipQLA==umSH0KgpE5d1hk7z89WRYg==L2xLfMOQtVfGLNscF2lwlw==,https://www.walmart.com/zNwbVNv+6Wzm8qpln071bQ==,Expanded text ad,Mobile devices with full browsers,59,8,326,1,15,55,10,15,
02-10-2021,Platform 1,channel 1,KvHZHCUnRS1G2k25DBXWig==,strangeadventure,01-10-2021,03-10-2021,EXPEDITION,WALLMART,Broad | adset 1,Broad,GyklXyqLs+X58idmnipQLA==umSH0KgpE5d1hk7z89WRYg==L2xLfMOQtVfGLNscF2lwlw==,https://www.walmart.com/zNwbVNv+6Wzm8qpln071bQ==,Expanded text ad,Mobile devices with full browsers,9,2,109,2,66,8,1,35,
02-10-2021,Platform 1,channel 1,KvHZHCUnRS1G2k25DBXWig==,strangeadventure,01-10-2021,03-10-2021,EXPEDITION,WALLMART,Broad | adset 1,Broad,GyklXyqLs+X58idmnipQLA==umSH0KgpE5d1hk7z89WRYg==L2xLfMOQtVfGLNscF2lwlw==,https://www.walmart.com/zNwbVNv+6Wzm8qpln071bQ==,Expanded text ad,Mobile devices with full browsers,9,2,109,2,53,15,10,32,
02-10-2021,Platform 1,channel 1,KvHZHCUnRS1G2k25DBXWig==,strangeadventure,01-10-2021,03-10-2021,EXPEDITION,WALLMART,Broad | adset 1,Broad,GyklXyqLs+X58idmnipQLA==umSH0KgpE5d1hk7z89WRYg==L2xLfMOQtVfGLNscF2lwlw==,https://www.walmart.com/zNwbVNv+6Wzm8qpln071bQ==,Expanded text ad,Mobile devices with full browsers,9,2,109,2,15,55,10,15,
02-10-2021,Platform 1,channel 1,KvHZHCUnRS1G2k25DBXWig==,strangeadventure,01-10-2021,03-10-2021,EXPEDITION,WALLMART,Broad | adset 1,Broad,GyklXyqLs+X58idmnipQLA==umSH0KgpE5d1hk7z89WRYg==L2xLfMOQtVfGLNscF2lwlw==,https://www.walmart.com/zNwbVNv+6Wzm8qpln071bQ==,Expanded text ad,Tablets with full browsers,87,3,166,0,66,8,1,35,
02-10-2021,Platform 1,channel 1,KvHZHCUnRS1G2k25DBXWig==,strangeadventure,01-10-2021,03-10-2021,EXPEDITION,WALLMART,Broad | adset 1,Broad,GyklXyqLs+X58idmnipQLA==umSH0KgpE5d1hk7z89WRYg==L2xLfMOQtVfGLNscF2lwlw==,https://www.walmart.com/zNwbVNv+6Wzm8qpln071bQ==,Expanded text ad,Tablets with full browsers,87,3,166,0,53,15,10,32,
02-10-2021,Platform 1,channel 1,KvHZHCUnRS1G2k25DBXWig==,strangeadventure,01-10-2021,03-10-2021,EXPEDITION,WALLMART,Broad | adset 1,Broad,GyklXyqLs+X58idmnipQLA==umSH0KgpE5d1hk7z89WRYg==L2xLfMOQtVfGLNscF2lwlw==,https://www.walmart.com/zNwbVNv+6Wzm8qpln071bQ==,Expanded text ad,Tablets with full browsers,87,3,166,0,15,55,10,15,
02-10-2021,Platform 1,channel 1,KvHZHCUnRS1G2k25DBXWig==,strangeadventure,01-10-2021,03-10-2021,EXPEDITION,WALLMART,Broad | adset 1,Broad,GyklXyqLs+X58idmnipQLA==umSH0KgpE5d1hk7z89WRYg==L2xLfMOQtVfGLNscF2lwlw==,https://www.walmart.com/zNwbVNv+6Wzm8qpln071bQ==,Expanded text ad,Computers,13,6,135,2,66,8,1,35,
02-10-2021,Platform 1,channel 1,KvHZHCUnRS1G2k25DBXWig==,strangeadventure,01-10-2021,03-10-2021,EXPEDITION,WALLMART,Broad | adset 1,Broad,GyklXyqLs+X58idmnipQLA==umSH0KgpE5d1hk7z89WRYg==L2xLfMOQtVfGLNscF2lwlw==,https://www.walmart.com/zNwbVNv+6Wzm8qpln071bQ==,Expanded text ad,Computers,13,6,135,2,53,15,10,32,
02-10-2021,Platform 1,channel 1,KvHZHCUnRS1G2k25DBXWig==,strangeadventure,01-10-2021,03-10-2021,EXPEDITION,WALLMART,Broad | adset 1,Broad,GyklXyqLs+X58idmnipQLA==umSH0KgpE5d1hk7z89WRYg==L2xLfMOQtVfGLNscF2lwlw==,https://www.walmart.com/zNwbVNv+6Wzm8qpln071bQ==,Expanded text ad,Computers,13,6,135,2,15,55,10,15,
02-10-2021,Platform 1,channel 1,KvHZHCUnRS1G2k25DBXWig==,strangeadventure,01-10-2021,03-10-2021,EXPEDITION,WALLMART,Broad | adset 1,Broad,GyklXyqLs+X58idmnipQLA==umSH0KgpE5d1hk7z89WRYg==L2xLfMOQtVfGLNscF2lwlw==,https://www.walmart.com/zNwbVNv+6Wzm8qpln071bQ==,Expanded text ad,Mobile devices with full browsers,70,1,292,2,66,8,1,35,
02-10-2021,Platform 1,channel 1,KvHZHCUnRS1G2k25DBXWig==,strangeadventure,01-10-2021,03-10-2021,EXPEDITION,WALLMART,Broad | adset 1,Broad,GyklXyqLs+X58idmnipQLA==umSH0KgpE5d1hk7z89WRYg==L2xLfMOQtVfGLNscF2lwlw==,https://www.walmart.com/zNwbVNv+6Wzm8qpln071bQ==,Expanded text ad,Mobile devices with full browsers,70,1,292,2,53,15,10,32,
02-10-2021,Platform 1,channel 1,KvHZHCUnRS1G2k25DBXWig==,strangeadventure,01-10-2021,03-10-2021,EXPEDITION,WALLMART,Broad | adset 1,Broad,GyklXyqLs+X58idmnipQLA==umSH0KgpE5d1hk7z89WRYg==L2xLfMOQtVfGLNscF2lwlw==,https://www.walmart.com/zNwbVNv+6Wzm8qpln071bQ==,Expanded text ad,Mobile devices with full browsers,70,1,292,2,15,55,10,15,
02-10-2021,Platform 1,channel 1,KvHZHCUnRS1G2k25DBXWig==,strangeadventure,01-10-2021,03-10-2021,EXPEDITION,WALLMART,Broad | adset 1,Broad,GyklXyqLs+X58idmnipQLA==umSH0KgpE5d1hk7z89WRYg==L2xLfMOQtVfGLNscF2lwlw==,https://www.walmart.com/zNwbVNv+6Wzm8qpln071bQ==,Expanded text ad,Mobile devices with full browsers,0,1,78,2,66,8,1,35,
02-10-2021,Platform 1,channel 1,KvHZHCUnRS1G2k25DBXWig==,strangeadventure,01-10-2021,03-10-2021,EXPEDITION,WALLMART,Broad | adset 1,Broad,GyklXyqLs+X58idmnipQLA==umSH0KgpE5d1hk7z89WRYg==L2xLfMOQtVfGLNscF2lwlw==,https://www.walmart.com/zNwbVNv+6Wzm8qpln071bQ==,Expanded text ad,Mobile devices with full browsers,0,1,78,2,53,15,10,32,
02-10-2021,Platform 1,channel 1,KvHZHCUnRS1G2k25DBXWig==,strangeadventure,01-10-2021,03-10-2021,EXPEDITION,WALLMART,Broad | adset 1,Broad,GyklXyqLs+X58idmnipQLA==umSH0KgpE5d1hk7z89WRYg==L2xLfMOQtVfGLNscF2lwlw==,https://www.walmart.com/zNwbVNv+6Wzm8qpln071bQ==,Expanded text ad,Mobile devices with full browsers,0,1,78,2,15,55,10,15,
02-10-2021,Platform 1,channel 1,KvHZHCUnRS1G2k25DBXWig==,strangeadventure,01-10-2021,03-10-2021,EXPEDITION,WALLMART,Broad | adset 6,Broad,QdJfvxSJeSJoENaWwiOffA==umSH0KgpE5d1hk7z89WRYg==z5B9C8/Z5VLRNLQMKZB02g==,https://www.walmart.com/zNwbVNv+6Wzm8qpln071bQ==,Expanded text ad,Computers,24,7,205,2,66,8,1,35,
02-10-2021,Platform 1,channel 1,KvHZHCUnRS1G2k25DBXWig==,strangeadventure,01-10-2021,03-10-2021,EXPEDITION,WALLMART,Broad | adset 6,Broad,QdJfvxSJeSJoENaWwiOffA==umSH0KgpE5d1hk7z89WRYg==z5B9C8/Z5VLRNLQMKZB02g==,https://www.walmart.com/zNwbVNv+6Wzm8qpln071bQ==,Expanded text ad,Computers,24,7,205,2,53,15,10,32,
02-10-2021,Platform 1,channel 1,KvHZHCUnRS1G2k25DBXWig==,strangeadventure,01-10-2021,03-10-2021,EXPEDITION,WALLMART,Broad | adset 6,Broad,QdJfvxSJeSJoENaWwiOffA==umSH0KgpE5d1hk7z89WRYg==z5B9C8/Z5VLRNLQMKZB02g==,https://www.walmart.com/zNwbVNv+6Wzm8qpln071bQ==,Expanded text ad,Computers,24,7,205,2,15,55,10,15,
02-10-2021,Platform 1,channel 1,KvHZHCUnRS1G2k25DBXWig==,strangeadventure,01-10-2021,03-10-2021,EXPEDITION,WALLMART,Broad | adset 6,Broad,QdJfvxSJeSJoENaWwiOffA==umSH0KgpE5d1hk7z89WRYg==L2xLfMOQtVfGLNscF2lwlw==,https://www.walmart.com/zNwbVNv+6Wzm8qpln071bQ==,Expanded text ad,Mobile devices with full browsers,0,8,261,2,66,8,1,35,
02-10-2021,Platform 1,channel 1,KvHZHCUnRS1G2k25DBXWig==,strangeadventure,01-10-2021,03-10-2021,EXPEDITION,WALLMART,Broad | adset 6,Broad,QdJfvxSJeSJoENaWwiOffA==umSH0KgpE5d1hk7z89WRYg==L2xLfMOQtVfGLNscF2lwlw==,https://www.walmart.com/zNwbVNv+6Wzm8qpln071bQ==,Expanded text ad,Mobile devices with full browsers,0,8,261,2,53,15,10,32,
02-10-2021,Platform 1,channel 1,KvHZHCUnRS1G2k25DBXWig==,strangeadventure,01-10-2021,03-10-2021,EXPEDITION,WALLMART,Broad | adset 6,Broad,QdJfvxSJeSJoENaWwiOffA==umSH0KgpE5d1hk7z89WRYg==L2xLfMOQtVfGLNscF2lwlw==,https://www.walmart.com/zNwbVNv+6Wzm8qpln071bQ==,Expanded text ad,Mobile devices with full browsers,0,8,261,2,15,55,10,15,
02-10-2021,Platform 1,channel 1,KvHZHCUnRS1G2k25DBXWig==,strangeadventure,01-10-2021,03-10-2021,EXPEDITION,WALLMART,Broad | adset 6,Broad,QdJfvxSJeSJoENaWwiOffA==umSH0KgpE5d1hk7z89WRYg==L2xLfMOQtVfGLNscF2lwlw==,https://www.walmart.com/zNwbVNv+6Wzm8qpln071bQ==,Expanded text ad,Mobile devices with full browsers,0,0,329,0,66,8,1,35,
02-10-2021,Platform 1,channel 1,KvHZHCUnRS1G2k25DBXWig==,strangeadventure,01-10-2021,03-10-2021,EXPEDITION,WALLMART,Broad | adset 6,Broad,QdJfvxSJeSJoENaWwiOffA==umSH0KgpE5d1hk7z89WRYg==L2xLfMOQtVfGLNscF2lwlw==,https://www.walmart.com/zNwbVNv+6Wzm8qpln071bQ==,Expanded text ad,Mobile devices with full browsers,0,0,329,0,53,15,10,32,
02-10-2021,Platform 1,channel 1,KvHZHCUnRS1G2k25DBXWig==,strangeadventure,01-10-2021,03-10-2021,EXPEDITION,WALLMART,Broad | adset 6,Broad,QdJfvxSJeSJoENaWwiOffA==umSH0KgpE5d1hk7z89WRYg==L2xLfMOQtVfGLNscF2lwlw==,https://www.walmart.com/zNwbVNv+6Wzm8qpln071bQ==,Expanded text ad,Mobile devices with full browsers,0,0,329,0,15,55,10,15,
02-10-2021,Platform 1,channel 1,DLH2GuJt0uJopHspKxKPmg==,fireshow,01-10-2021,03-10-2021,FIRE,WALLMART,Broad | adset 2,Broad,SowCbCM9exuZ+X63iu8LjQ==Mx8qJTEumedTsWDPtslNUg==SnxP7UR9LpnuNQsc4hjQWQ==,https://www.walmart.com/20eeOER9H5uao3snTZcYQg==,Expanded text ad,Mobile devices with full browsers,583,1,200,0,61,2,13,73,
02-10-2021,Platform 1,channel 1,DLH2GuJt0uJopHspKxKPmg==,fireshow,01-10-2021,03-10-2021,FIRE,WALLMART,Broad | adset 2,Broad,SowCbCM9exuZ+X63iu8LjQ==Mx8qJTEumedTsWDPtslNUg==SnxP7UR9LpnuNQsc4hjQWQ==,https://www.walmart.com/20eeOER9H5uao3snTZcYQg==,Expanded text ad,Mobile devices with full browsers,583,1,200,0,42,43,16,106,
02-10-2021,Platform 1,channel 1,DLH2GuJt0uJopHspKxKPmg==,fireshow,01-10-2021,03-10-2021,FIRE,WALLMART,Broad | adset 2,Broad,SowCbCM9exuZ+X63iu8LjQ==Mx8qJTEumedTsWDPtslNUg==SnxP7UR9LpnuNQsc4hjQWQ==,https://www.walmart.com/20eeOER9H5uao3snTZcYQg==,Expanded text ad,Mobile devices with full browsers,583,1,200,0,70,39,4,65,
02-10-2021,Platform 1,channel 1,DLH2GuJt0uJopHspKxKPmg==,fireshow,01-10-2021,03-10-2021,FIRE,WALLMART,Broad | adset 2,Broad,SowCbCM9exuZ+X63iu8LjQ==Mx8qJTEumedTsWDPtslNUg==SnxP7UR9LpnuNQsc4hjQWQ==,https://www.walmart.com/20eeOER9H5uao3snTZcYQg==,Expanded text ad,Computers,0,4,118,1,61,2,13,73,
02-10-2021,Platform 1,channel 1,DLH2GuJt0uJopHspKxKPmg==,fireshow,01-10-2021,03-10-2021,FIRE,WALLMART,Broad | adset 2,Broad,SowCbCM9exuZ+X63iu8LjQ==Mx8qJTEumedTsWDPtslNUg==SnxP7UR9LpnuNQsc4hjQWQ==,https://www.walmart.com/20eeOER9H5uao3snTZcYQg==,Expanded text ad,Computers,0,4,118,1,42,43,16,106,
02-10-2021,Platform 1,channel 1,DLH2GuJt0uJopHspKxKPmg==,fireshow,01-10-2021,03-10-2021,FIRE,WALLMART,Broad | adset 2,Broad,SowCbCM9exuZ+X63iu8LjQ==Mx8qJTEumedTsWDPtslNUg==SnxP7UR9LpnuNQsc4hjQWQ==,https://www.walmart.com/20eeOER9H5uao3snTZcYQg==,Expanded text ad,Computers,0,4,118,1,70,39,4,65,
02-10-2021,Platform 1,channel 1,DLH2GuJt0uJopHspKxKPmg==,fireshow,01-10-2021,03-10-2021,FIRE,WALLMART,Broad | adset 2,Broad,SowCbCM9exuZ+X63iu8LjQ==Mx8qJTEumedTsWDPtslNUg==SnxP7UR9LpnuNQsc4hjQWQ==,https://www.walmart.com/20eeOER9H5uao3snTZcYQg==,Expanded text ad,Mobile devices with full browsers,0,1,83,2,61,2,13,73,
02-10-2021,Platform 1,channel 1,DLH2GuJt0uJopHspKxKPmg==,fireshow,01-10-2021,03-10-2021,FIRE,WALLMART,Broad | adset 2,Broad,SowCbCM9exuZ+X63iu8LjQ==Mx8qJTEumedTsWDPtslNUg==SnxP7UR9LpnuNQsc4hjQWQ==,https://www.walmart.com/20eeOER9H5uao3snTZcYQg==,Expanded text ad,Mobile devices with full browsers,0,1,83,2,42,43,16,106,
02-10-2021,Platform 1,channel 1,DLH2GuJt0uJopHspKxKPmg==,fireshow,01-10-2021,03-10-2021,FIRE,WALLMART,Broad | adset 2,Broad,SowCbCM9exuZ+X63iu8LjQ==Mx8qJTEumedTsWDPtslNUg==SnxP7UR9LpnuNQsc4hjQWQ==,https://www.walmart.com/20eeOER9H5uao3snTZcYQg==,Expanded text ad,Mobile devices with full browsers,0,1,83,2,70,39,4,65,
02-10-2021,Platform 1,channel 1,DLH2GuJt0uJopHspKxKPmg==,fireshow,01-10-2021,03-10-2021,FIRE,WALLMART,Broad | adset 3,Broad,UPJnHCZFxbNIdWJJhQsaow==PedHCrxoloJCT27vOsKTtw==SnxP7UR9LpnuNQsc4hjQWQ==,https://www.walmart.com/u7bSLghhEOsb5t992QsnTQ==,Expanded text ad,Mobile devices with full browsers,1171,1,85,1,61,2,13,73,
02-10-2021,Platform 1,channel 1,DLH2GuJt0uJopHspKxKPmg==,fireshow,01-10-2021,03-10-2021,FIRE,WALLMART,Broad | adset 3,Broad,UPJnHCZFxbNIdWJJhQsaow==PedHCrxoloJCT27vOsKTtw==SnxP7UR9LpnuNQsc4hjQWQ==,https://www.walmart.com/u7bSLghhEOsb5t992QsnTQ==,Expanded text ad,Mobile devices with full browsers,1171,1,85,1,42,43,16,106,
02-10-2021,Platform 1,channel 1,DLH2GuJt0uJopHspKxKPmg==,fireshow,01-10-2021,03-10-2021,FIRE,WALLMART,Broad | adset 3,Broad,UPJnHCZFxbNIdWJJhQsaow==PedHCrxoloJCT27vOsKTtw==SnxP7UR9LpnuNQsc4hjQWQ==,https://www.walmart.com/u7bSLghhEOsb5t992QsnTQ==,Expanded text ad,Mobile devices with full browsers,1171,1,85,1,70,39,4,65,
02-10-2021,Platform 1,channel 1,DLH2GuJt0uJopHspKxKPmg==,fireshow,01-10-2021,03-10-2021,FIRE,WALLMART,Broad | adset 3,Broad,UPJnHCZFxbNIdWJJhQsaow==PedHCrxoloJCT27vOsKTtw==SnxP7UR9LpnuNQsc4hjQWQ==,https://www.walmart.com/u7bSLghhEOsb5t992QsnTQ==,Expanded text ad,Mobile devices with full browsers,64,2,317,2,61,2,13,73,
02-10-2021,Platform 1,channel 1,DLH2GuJt0uJopHspKxKPmg==,fireshow,01-10-2021,03-10-2021,FIRE,WALLMART,Broad | adset 3,Broad,UPJnHCZFxbNIdWJJhQsaow==PedHCrxoloJCT27vOsKTtw==SnxP7UR9LpnuNQsc4hjQWQ==,https://www.walmart.com/u7bSLghhEOsb5t992QsnTQ==,Expanded text ad,Mobile devices with full browsers,64,2,317,2,42,43,16,106,
02-10-2021,Platform 1,channel 1,DLH2GuJt0uJopHspKxKPmg==,fireshow,01-10-2021,03-10-2021,FIRE,WALLMART,Broad | adset 3,Broad,UPJnHCZFxbNIdWJJhQsaow==PedHCrxoloJCT27vOsKTtw==SnxP7UR9LpnuNQsc4hjQWQ==,https://www.walmart.com/u7bSLghhEOsb5t992QsnTQ==,Expanded text ad,Mobile devices with full browsers,64,2,317,2,70,39,4,65,
02-10-2021,Platform 1,channel 1,DLH2GuJt0uJopHspKxKPmg==,fireshow,01-10-2021,03-10-2021,FIRE,WALLMART,Broad | adset 3,Broad,UPJnHCZFxbNIdWJJhQsaow==PedHCrxoloJCT27vOsKTtw==SnxP7UR9LpnuNQsc4hjQWQ==,https://www.walmart.com/u7bSLghhEOsb5t992QsnTQ==,Expanded text ad,Mobile devices with full browsers,72,0,268,1,61,2,13,73,
02-10-2021,Platform 1,channel 1,DLH2GuJt0uJopHspKxKPmg==,fireshow,01-10-2021,03-10-2021,FIRE,WALLMART,Broad | adset 3,Broad,UPJnHCZFxbNIdWJJhQsaow==PedHCrxoloJCT27vOsKTtw==SnxP7UR9LpnuNQsc4hjQWQ==,https://www.walmart.com/u7bSLghhEOsb5t992QsnTQ==,Expanded text ad,Mobile devices with full browsers,72,0,268,1,42,43,16,106,
02-10-2021,Platform 1,channel 1,DLH2GuJt0uJopHspKxKPmg==,fireshow,01-10-2021,03-10-2021,FIRE,WALLMART,Broad | adset 3,Broad,UPJnHCZFxbNIdWJJhQsaow==PedHCrxoloJCT27vOsKTtw==SnxP7UR9LpnuNQsc4hjQWQ==,https://www.walmart.com/u7bSLghhEOsb5t992QsnTQ==,Expanded text ad,Mobile devices with full browsers,72,0,268,1,70,39,4,65,
02-10-2021,Platform 1,channel 1,mAm0RQx8X+Ik8LZcWCrRGw==,cinema,01-10-2021,03-10-2021,DOLBY,WALLMART,adset 4,,acfgTJol4UMLE7ZHv0QW/w==bZ+rrt6wXYg/mMlPRefMYQ==v1uajNhKz8ZqV7ikkD+zUw==,https://www.walmart.com/AK/V/FgjmBOq14Kaq+dbBA==,Expanded text ad,Mobile devices with full browsers,1832,1,131,2,37,49,2,62,
02-10-2021,Platform 1,channel 1,mAm0RQx8X+Ik8LZcWCrRGw==,cinema,01-10-2021,03-10-2021,DOLBY,WALLMART,adset 4,,acfgTJol4UMLE7ZHv0QW/w==bZ+rrt6wXYg/mMlPRefMYQ==v1uajNhKz8ZqV7ikkD+zUw==,https://www.walmart.com/AK/V/FgjmBOq14Kaq+dbBA==,Expanded text ad,Mobile devices with full browsers,1832,1,131,2,33,46,19,47,
02-10-2021,Platform 1,channel 1,mAm0RQx8X+Ik8LZcWCrRGw==,cinema,01-10-2021,03-10-2021,DOLBY,WALLMART,adset 4,,acfgTJol4UMLE7ZHv0QW/w==bZ+rrt6wXYg/mMlPRefMYQ==v1uajNhKz8ZqV7ikkD+zUw==,https://www.walmart.com/AK/V/FgjmBOq14Kaq+dbBA==,Expanded text ad,Mobile devices with full browsers,1832,1,131,2,64,59,9,92,
02-10-2021,Platform 1,channel 1,mAm0RQx8X+Ik8LZcWCrRGw==,cinema,01-10-2021,03-10-2021,DOLBY,WALLMART,adset 4,,acfgTJol4UMLE7ZHv0QW/w==bZ+rrt6wXYg/mMlPRefMYQ==v1uajNhKz8ZqV7ikkD+zUw==,https://www.walmart.com/AK/V/FgjmBOq14Kaq+dbBA==,Expanded text ad,Mobile devices with full browsers,71,2,11,0,37,49,2,62,
02-10-2021,Platform 1,channel 1,mAm0RQx8X+Ik8LZcWCrRGw==,cinema,01-10-2021,03-10-2021,DOLBY,WALLMART,adset 4,,acfgTJol4UMLE7ZHv0QW/w==bZ+rrt6wXYg/mMlPRefMYQ==v1uajNhKz8ZqV7ikkD+zUw==,https://www.walmart.com/AK/V/FgjmBOq14Kaq+dbBA==,Expanded text ad,Mobile devices with full browsers,71,2,11,0,33,46,19,47,
02-10-2021,Platform 1,channel 1,mAm0RQx8X+Ik8LZcWCrRGw==,cinema,01-10-2021,03-10-2021,DOLBY,WALLMART,adset 4,,acfgTJol4UMLE7ZHv0QW/w==bZ+rrt6wXYg/mMlPRefMYQ==v1uajNhKz8ZqV7ikkD+zUw==,https://www.walmart.com/AK/V/FgjmBOq14Kaq+dbBA==,Expanded text ad,Mobile devices with full browsers,71,2,11,0,64,59,9,92,
02-10-2021,Platform 1,channel 1,mAm0RQx8X+Ik8LZcWCrRGw==,cinema,01-10-2021,03-10-2021,DOLBY,WALLMART,adset 4,,acfgTJol4UMLE7ZHv0QW/w==bZ+rrt6wXYg/mMlPRefMYQ==v1uajNhKz8ZqV7ikkD+zUw==,https://www.walmart.com/AK/V/FgjmBOq14Kaq+dbBA==,Expanded text ad,Mobile devices with full browsers,7,3,219,2,37,49,2,62,
02-10-2021,Platform 1,channel 1,mAm0RQx8X+Ik8LZcWCrRGw==,cinema,01-10-2021,03-10-2021,DOLBY,WALLMART,adset 4,,acfgTJol4UMLE7ZHv0QW/w==bZ+rrt6wXYg/mMlPRefMYQ==v1uajNhKz8ZqV7ikkD+zUw==,https://www.walmart.com/AK/V/FgjmBOq14Kaq+dbBA==,Expanded text ad,Mobile devices with full browsers,7,3,219,2,33,46,19,47,
02-10-2021,Platform 1,channel 1,mAm0RQx8X+Ik8LZcWCrRGw==,cinema,01-10-2021,03-10-2021,DOLBY,WALLMART,adset 4,,acfgTJol4UMLE7ZHv0QW/w==bZ+rrt6wXYg/mMlPRefMYQ==v1uajNhKz8ZqV7ikkD+zUw==,https://www.walmart.com/AK/V/FgjmBOq14Kaq+dbBA==,Expanded text ad,Mobile devices with full browsers,7,3,219,2,64,59,9,92,
02-10-2021,Platform 1,channel 1,mAm0RQx8X+Ik8LZcWCrRGw==,cinema,01-10-2021,03-10-2021,DOLBY,WALLMART,adset 4,,acfgTJol4UMLE7ZHv0QW/w==bZ+rrt6wXYg/mMlPRefMYQ==v1uajNhKz8ZqV7ikkD+zUw==,https://www.walmart.com/AK/V/FgjmBOq14Kaq+dbBA==,Expanded text ad,Mobile devices with full browsers,54,6,35,1,37,49,2,62,
02-10-2021,Platform 1,channel 1,mAm0RQx8X+Ik8LZcWCrRGw==,cinema,01-10-2021,03-10-2021,DOLBY,WALLMART,adset 4,,acfgTJol4UMLE7ZHv0QW/w==bZ+rrt6wXYg/mMlPRefMYQ==v1uajNhKz8ZqV7ikkD+zUw==,https://www.walmart.com/AK/V/FgjmBOq14Kaq+dbBA==,Expanded text ad,Mobile devices with full browsers,54,6,35,1,33,46,19,47,
02-10-2021,Platform 1,channel 1,mAm0RQx8X+Ik8LZcWCrRGw==,cinema,01-10-2021,03-10-2021,DOLBY,WALLMART,adset 4,,acfgTJol4UMLE7ZHv0QW/w==bZ+rrt6wXYg/mMlPRefMYQ==v1uajNhKz8ZqV7ikkD+zUw==,https://www.walmart.com/AK/V/FgjmBOq14Kaq+dbBA==,Expanded text ad,Mobile devices with full browsers,54,6,35,1,64,59,9,92,
02-10-2021,Platform 1,channel 1,mAm0RQx8X+Ik8LZcWCrRGw==,cinema,01-10-2021,03-10-2021,DOLBY,WALLMART,adset 5,,acfgTJol4UMLE7ZHv0QW/w==hUiItm0I9kR01VZNoN32kg==v1uajNhKz8ZqV7ikkD+zUw==,https://www.walmart.com/AK/V/FgjmBOq14Kaq+dbBA==,Expanded text ad,Mobile devices with full browsers,34,7,226,0,37,49,2,62,
02-10-2021,Platform 1,channel 1,mAm0RQx8X+Ik8LZcWCrRGw==,cinema,01-10-2021,03-10-2021,DOLBY,WALLMART,adset 5,,acfgTJol4UMLE7ZHv0QW/w==hUiItm0I9kR01VZNoN32kg==v1uajNhKz8ZqV7ikkD+zUw==,https://www.walmart.com/AK/V/FgjmBOq14Kaq+dbBA==,Expanded text ad,Mobile devices with full browsers,34,7,226,0,33,46,19,47,
02-10-2021,Platform 1,channel 1,mAm0RQx8X+Ik8LZcWCrRGw==,cinema,01-10-2021,03-10-2021,DOLBY,WALLMART,adset 5,,acfgTJol4UMLE7ZHv0QW/w==hUiItm0I9kR01VZNoN32kg==v1uajNhKz8ZqV7ikkD+zUw==,https://www.walmart.com/AK/V/FgjmBOq14Kaq+dbBA==,Expanded text ad,Mobile devices with full browsers,34,7,226,0,64,59,9,92,
02-10-2021,Platform 1,channel 1,mAm0RQx8X+Ik8LZcWCrRGw==,cinema,01-10-2021,03-10-2021,DOLBY,WALLMART,adset 5,,acfgTJol4UMLE7ZHv0QW/w==hUiItm0I9kR01VZNoN32kg==v1uajNhKz8ZqV7ikkD+zUw==,https://www.walmart.com/AK/V/FgjmBOq14Kaq+dbBA==,Expanded text ad,Mobile devices with full browsers,84,0,198,1,37,49,2,62,
02-10-2021,Platform 1,channel 1,mAm0RQx8X+Ik8LZcWCrRGw==,cinema,01-10-2021,03-10-2021,DOLBY,WALLMART,adset 5,,acfgTJol4UMLE7ZHv0QW/w==hUiItm0I9kR01VZNoN32kg==v1uajNhKz8ZqV7ikkD+zUw==,https://www.walmart.com/AK/V/FgjmBOq14Kaq+dbBA==,Expanded text ad,Mobile devices with full browsers,84,0,198,1,33,46,19,47,
02-10-2021,Platform 1,channel 1,mAm0RQx8X+Ik8LZcWCrRGw==,cinema,01-10-2021,03-10-2021,DOLBY,WALLMART,adset 5,,acfgTJol4UMLE7ZHv0QW/w==hUiItm0I9kR01VZNoN32kg==v1uajNhKz8ZqV7ikkD+zUw==,https://www.walmart.com/AK/V/FgjmBOq14Kaq+dbBA==,Expanded text ad,Mobile devices with full browsers,84,0,198,1,64,59,9,92,
02-10-2021,Platform 1,channel 1,mAm0RQx8X+Ik8LZcWCrRGw==,cinema,01-10-2021,03-10-2021,DOLBY,WALLMART,adset 5,,acfgTJol4UMLE7ZHv0QW/w==hUiItm0I9kR01VZNoN32kg==v1uajNhKz8ZqV7ikkD+zUw==,https://www.walmart.com/AK/V/FgjmBOq14Kaq+dbBA==,Expanded text ad,Mobile devices with full browsers,12,3,202,1,37,49,2,62,
02-10-2021,Platform 1,channel 1,mAm0RQx8X+Ik8LZcWCrRGw==,cinema,01-10-2021,03-10-2021,DOLBY,WALLMART,adset 5,,acfgTJol4UMLE7ZHv0QW/w==hUiItm0I9kR01VZNoN32kg==v1uajNhKz8ZqV7ikkD+zUw==,https://www.walmart.com/AK/V/FgjmBOq14Kaq+dbBA==,Expanded text ad,Mobile devices with full browsers,12,3,202,1,33,46,19,47,
02-10-2021,Platform 1,channel 1,mAm0RQx8X+Ik8LZcWCrRGw==,cinema,01-10-2021,03-10-2021,DOLBY,WALLMART,adset 5,,acfgTJol4UMLE7ZHv0QW/w==hUiItm0I9kR01VZNoN32kg==v1uajNhKz8ZqV7ikkD+zUw==,https://www.walmart.com/AK/V/FgjmBOq14Kaq+dbBA==,Expanded text ad,Mobile devices with full browsers,12,3,202,1,64,59,9,92,
03-10-2021,Platform 2,channel 2,KvHZHCUnRS1G2k25DBXWig==,fighter,01-10-2021,03-10-2021,AMA,SITE,text 2,,Zd+2skv6YeFpQm3rmXiBNQ==umSH0KgpE5d1hk7z89WRYg==,https://www.site.ru,Expanded text ad,Mobile devices with full browsers,4527,2,136,1,44,68,14,112,
03-10-2021,Platform 2,channel 2,KvHZHCUnRS1G2k25DBXWig==,fighter,01-10-2021,03-10-2021,AMA,SITE,text 2,,Zd+2skv6YeFpQm3rmXiBNQ==umSH0KgpE5d1hk7z89WRYg==,https://www.site.ru,Expanded text ad,Mobile devices with full browsers,4527,2,136,1,7,21,3,60,
03-10-2021,Platform 2,channel 2,KvHZHCUnRS1G2k25DBXWig==,fighter,01-10-2021,03-10-2021,AMA,SITE,text 2,,Zd+2skv6YeFpQm3rmXiBNQ==umSH0KgpE5d1hk7z89WRYg==,https://www.site.ru,Expanded text ad,Mobile devices with full browsers,4527,2,136,1,13,30,2,5,
03-10-2021,Platform 2,channel 2,KvHZHCUnRS1G2k25DBXWig==,fighter,01-10-2021,03-10-2021,AMA,SITE,text 2,,Zd+2skv6YeFpQm3rmXiBNQ==umSH0KgpE5d1hk7z89WRYg==,https://www.site.ru,Expanded text ad,Mobile devices with full browsers,4527,2,136,1,0,16,6,86,
03-10-2021,Platform 2,channel 2,KvHZHCUnRS1G2k25DBXWig==,fighter,01-10-2021,03-10-2021,AMA,SITE,text 2,,Zd+2skv6YeFpQm3rmXiBNQ==umSH0KgpE5d1hk7z89WRYg==,https://www.site.ru,Expanded text ad,Mobile devices with full browsers,4527,2,136,1,4,20,9,18,
03-10-2021,Platform 2,channel 2,KvHZHCUnRS1G2k25DBXWig==,fighter,01-10-2021,03-10-2021,AMA,SITE,text 2,,Zd+2skv6YeFpQm3rmXiBNQ==umSH0KgpE5d1hk7z89WRYg==,https://www.site.ru,Expanded text ad,Mobile devices with full browsers,753,0,346,3,44,68,14,112,
03-10-2021,Platform 2,channel 2,KvHZHCUnRS1G2k25DBXWig==,fighter,01-10-2021,03-10-2021,AMA,SITE,text 2,,Zd+2skv6YeFpQm3rmXiBNQ==umSH0KgpE5d1hk7z89WRYg==,https://www.site.ru,Expanded text ad,Mobile devices with full browsers,753,0,346,3,7,21,3,60,
03-10-2021,Platform 2,channel 2,KvHZHCUnRS1G2k25DBXWig==,fighter,01-10-2021,03-10-2021,AMA,SITE,text 2,,Zd+2skv6YeFpQm3rmXiBNQ==umSH0KgpE5d1hk7z89WRYg==,https://www.site.ru,Expanded text ad,Mobile devices with full browsers,753,0,346,3,13,30,2,5,
03-10-2021,Platform 2,channel 2,KvHZHCUnRS1G2k25DBXWig==,fighter,01-10-2021,03-10-2021,AMA,SITE,text 2,,Zd+2skv6YeFpQm3rmXiBNQ==umSH0KgpE5d1hk7z89WRYg==,https://www.site.ru,Expanded text ad,Mobile devices with full browsers,753,0,346,3,0,16,6,86,
03-10-2021,Platform 2,channel 2,KvHZHCUnRS1G2k25DBXWig==,fighter,01-10-2021,03-10-2021,AMA,SITE,text 2,,Zd+2skv6YeFpQm3rmXiBNQ==umSH0KgpE5d1hk7z89WRYg==,https://www.site.ru,Expanded text ad,Mobile devices with full browsers,753,0,346,3,4,20,9,18,
03-10-2021,Platform 2,channel 2,KvHZHCUnRS1G2k25DBXWig==,fighter,01-10-2021,03-10-2021,AMA,SITE,text 2,,Zd+2skv6YeFpQm3rmXiBNQ==umSH0KgpE5d1hk7z89WRYg==,https://www.site.ru,Expanded text ad,Mobile devices with full browsers,3023,0,13,1,44,68,14,112,
03-10-2021,Platform 2,channel 2,KvHZHCUnRS1G2k25DBXWig==,fighter,01-10-2021,03-10-2021,AMA,SITE,text 2,,Zd+2skv6YeFpQm3rmXiBNQ==umSH0KgpE5d1hk7z89WRYg==,https://www.site.ru,Expanded text ad,Mobile devices with full browsers,3023,0,13,1,7,21,3,60,
03-10-2021,Platform 2,channel 2,KvHZHCUnRS1G2k25DBXWig==,fighter,01-10-2021,03-10-2021,AMA,SITE,text 2,,Zd+2skv6YeFpQm3rmXiBNQ==umSH0KgpE5d1hk7z89WRYg==,https://www.site.ru,Expanded text ad,Mobile devices with full browsers,3023,0,13,1,13,30,2,5,
03-10-2021,Platform 2,channel 2,KvHZHCUnRS1G2k25DBXWig==,fighter,01-10-2021,03-10-2021,AMA,SITE,text 2,,Zd+2skv6YeFpQm3rmXiBNQ==umSH0KgpE5d1hk7z89WRYg==,https://www.site.ru,Expanded text ad,Mobile devices with full browsers,3023,0,13,1,0,16,6,86,
03-10-2021,Platform 2,channel 2,KvHZHCUnRS1G2k25DBXWig==,fighter,01-10-2021,03-10-2021,AMA,SITE,text 2,,Zd+2skv6YeFpQm3rmXiBNQ==umSH0KgpE5d1hk7z89WRYg==,https://www.site.ru,Expanded text ad,Mobile devices with full browsers,3023,0,13,1,4,20,9,18,
03-10-2021,Platform 2,channel 2,KvHZHCUnRS1G2k25DBXWig==,fighter,01-10-2021,03-10-2021,AMA,SITE,text 2,,Zd+2skv6YeFpQm3rmXiBNQ==umSH0KgpE5d1hk7z89WRYg==,https://www.site.ru,Expanded text ad,Mobile devices with full browsers,3473,1,318,1,44,68,14,112,
03-10-2021,Platform 2,channel 2,KvHZHCUnRS1G2k25DBXWig==,fighter,01-10-2021,03-10-2021,AMA,SITE,text 2,,Zd+2skv6YeFpQm3rmXiBNQ==umSH0KgpE5d1hk7z89WRYg==,https://www.site.ru,Expanded text ad,Mobile devices with full browsers,3473,1,318,1,7,21,3,60,
03-10-2021,Platform 2,channel 2,KvHZHCUnRS1G2k25DBXWig==,fighter,01-10-2021,03-10-2021,AMA,SITE,text 2,,Zd+2skv6YeFpQm3rmXiBNQ==umSH0KgpE5d1hk7z89WRYg==,https://www.site.ru,Expanded text ad,Mobile devices with full browsers,3473,1,318,1,13,30,2,5,
03-10-2021,Platform 2,channel 2,KvHZHCUnRS1G2k25DBXWig==,fighter,01-10-2021,03-10-2021,AMA,SITE,text 2,,Zd+2skv6YeFpQm3rmXiBNQ==umSH0KgpE5d1hk7z89WRYg==,https://www.site.ru,Expanded text ad,Mobile devices with full browsers,3473,1,318,1,0,16,6,86,
03-10-2021,Platform 2,channel 2,KvHZHCUnRS1G2k25DBXWig==,fighter,01-10-2021,03-10-2021,AMA,SITE,text 2,,Zd+2skv6YeFpQm3rmXiBNQ==umSH0KgpE5d1hk7z89WRYg==,https://www.site.ru,Expanded text ad,Mobile devices with full browsers,3473,1,318,1,4,20,9,18,
03-10-2021,Platform 2,channel 2,KvHZHCUnRS1G2k25DBXWig==,fighter,01-10-2021,03-10-2021,AMA,SITE,text 2,,Zd+2skv6YeFpQm3rmXiBNQ==umSH0KgpE5d1hk7z89WRYg==,https://www.site.ru,Expanded text ad,Tablets with full browsers,5200,0,308,3,44,68,14,112,
03-10-2021,Platform 2,channel 2,KvHZHCUnRS1G2k25DBXWig==,fighter,01-10-2021,03-10-2021,AMA,SITE,text 2,,Zd+2skv6YeFpQm3rmXiBNQ==umSH0KgpE5d1hk7z89WRYg==,https://www.site.ru,Expanded text ad,Tablets with full browsers,5200,0,308,3,7,21,3,60,
03-10-2021,Platform 2,channel 2,KvHZHCUnRS1G2k25DBXWig==,fighter,01-10-2021,03-10-2021,AMA,SITE,text 2,,Zd+2skv6YeFpQm3rmXiBNQ==umSH0KgpE5d1hk7z89WRYg==,https://www.site.ru,Expanded text ad,Tablets with full browsers,5200,0,308,3,13,30,2,5,
03-10-2021,Platform 2,channel 2,KvHZHCUnRS1G2k25DBXWig==,fighter,01-10-2021,03-10-2021,AMA,SITE,text 2,,Zd+2skv6YeFpQm3rmXiBNQ==umSH0KgpE5d1hk7z89WRYg==,https://www.site.ru,Expanded text ad,Tablets with full browsers,5200,0,308,3,0,16,6,86,
03-10-2021,Platform 2,channel 2,KvHZHCUnRS1G2k25DBXWig==,fighter,01-10-2021,03-10-2021,AMA,SITE,text 2,,Zd+2skv6YeFpQm3rmXiBNQ==umSH0KgpE5d1hk7z89WRYg==,https://www.site.ru,Expanded text ad,Tablets with full browsers,5200,0,308,3,4,20,9,18,
03-10-2021,Platform 2,channel 2,KvHZHCUnRS1G2k25DBXWig==,fighter,01-10-2021,03-10-2021,AMA,SITE,text 2,,Zd+2skv6YeFpQm3rmXiBNQ==umSH0KgpE5d1hk7z89WRYg==,https://www.site.ru,Expanded text ad,Tablets with full browsers,200,2,147,2,44,68,14,112,
03-10-2021,Platform 2,channel 2,KvHZHCUnRS1G2k25DBXWig==,fighter,01-10-2021,03-10-2021,AMA,SITE,text 2,,Zd+2skv6YeFpQm3rmXiBNQ==umSH0KgpE5d1hk7z89WRYg==,https://www.site.ru,Expanded text ad,Tablets with full browsers,200,2,147,2,7,21,3,60,
03-10-2021,Platform 2,channel 2,KvHZHCUnRS1G2k25DBXWig==,fighter,01-10-2021,03-10-2021,AMA,SITE,text 2,,Zd+2skv6YeFpQm3rmXiBNQ==umSH0KgpE5d1hk7z89WRYg==,https://www.site.ru,Expanded text ad,Tablets with full browsers,200,2,147,2,13,30,2,5,
03-10-2021,Platform 2,channel 2,KvHZHCUnRS1G2k25DBXWig==,fighter,01-10-2021,03-10-2021,AMA,SITE,text 2,,Zd+2skv6YeFpQm3rmXiBNQ==umSH0KgpE5d1hk7z89WRYg==,https://www.site.ru,Expanded text ad,Tablets with full browsers,200,2,147,2,0,16,6,86,
03-10-2021,Platform 2,channel 2,KvHZHCUnRS1G2k25DBXWig==,fighter,01-10-2021,03-10-2021,AMA,SITE,text 2,,Zd+2skv6YeFpQm3rmXiBNQ==umSH0KgpE5d1hk7z89WRYg==,https://www.site.ru,Expanded text ad,Tablets with full browsers,200,2,147,2,4,20,9,18,
03-10-2021,Platform 2,channel 2,KvHZHCUnRS1G2k25DBXWig==,fighter,01-10-2021,03-10-2021,AMA,SITE,text 2,,Zd+2skv6YeFpQm3rmXiBNQ==umSH0KgpE5d1hk7z89WRYg==,https://www.site.ru,Expanded text ad,Computers,6400,3,304,3,44,68,14,112,
03-10-2021,Platform 2,channel 2,KvHZHCUnRS1G2k25DBXWig==,fighter,01-10-2021,03-10-2021,AMA,SITE,text 2,,Zd+2skv6YeFpQm3rmXiBNQ==umSH0KgpE5d1hk7z89WRYg==,https://www.site.ru,Expanded text ad,Computers,6400,3,304,3,7,21,3,60,
03-10-2021,Platform 2,channel 2,KvHZHCUnRS1G2k25DBXWig==,fighter,01-10-2021,03-10-2021,AMA,SITE,text 2,,Zd+2skv6YeFpQm3rmXiBNQ==umSH0KgpE5d1hk7z89WRYg==,https://www.site.ru,Expanded text ad,Computers,6400,3,304,3,13,30,2,5,
03-10-2021,Platform 2,channel 2,KvHZHCUnRS1G2k25DBXWig==,fighter,01-10-2021,03-10-2021,AMA,SITE,text 2,,Zd+2skv6YeFpQm3rmXiBNQ==umSH0KgpE5d1hk7z89WRYg==,https://www.site.ru,Expanded text ad,Computers,6400,3,304,3,0,16,6,86,
03-10-2021,Platform 2,channel 2,KvHZHCUnRS1G2k25DBXWig==,fighter,01-10-2021,03-10-2021,AMA,SITE,text 2,,Zd+2skv6YeFpQm3rmXiBNQ==umSH0KgpE5d1hk7z89WRYg==,https://www.site.ru,Expanded text ad,Computers,6400,3,304,3,4,20,9,18,
03-10-2021,Platform 2,channel 2,KvHZHCUnRS1G2k25DBXWig==,fighter,01-10-2021,03-10-2021,AMA,SITE,text 2,,Zd+2skv6YeFpQm3rmXiBNQ==umSH0KgpE5d1hk7z89WRYg==,https://www.site.ru,Expanded text ad,Computers,5900,0,68,3,44,68,14,112,
03-10-2021,Platform 2,channel 2,KvHZHCUnRS1G2k25DBXWig==,fighter,01-10-2021,03-10-2021,AMA,SITE,text 2,,Zd+2skv6YeFpQm3rmXiBNQ==umSH0KgpE5d1hk7z89WRYg==,https://www.site.ru,Expanded text ad,Computers,5900,0,68,3,7,21,3,60,
03-10-2021,Platform 2,channel 2,KvHZHCUnRS1G2k25DBXWig==,fighter,01-10-2021,03-10-2021,AMA,SITE,text 2,,Zd+2skv6YeFpQm3rmXiBNQ==umSH0KgpE5d1hk7z89WRYg==,https://www.site.ru,Expanded text ad,Computers,5900,0,68,3,13,30,2,5,
03-10-2021,Platform 2,channel 2,KvHZHCUnRS1G2k25DBXWig==,fighter,01-10-2021,03-10-2021,AMA,SITE,text 2,,Zd+2skv6YeFpQm3rmXiBNQ==umSH0KgpE5d1hk7z89WRYg==,https://www.site.ru,Expanded text ad,Computers,5900,0,68,3,0,16,6,86,
03-10-2021,Platform 2,channel 2,KvHZHCUnRS1G2k25DBXWig==,fighter,01-10-2021,03-10-2021,AMA,SITE,text 2,,Zd+2skv6YeFpQm3rmXiBNQ==umSH0KgpE5d1hk7z89WRYg==,https://www.site.ru,Expanded text ad,Computers,5900,0,68,3,4,20,9,18,
03-10-2021,Platform 2,channel 2,KvHZHCUnRS1G2k25DBXWig==,fighter,01-10-2021,03-10-2021,AMA,SITE,text 2,,Zd+2skv6YeFpQm3rmXiBNQ==umSH0KgpE5d1hk7z89WRYg==,https://www.site.ru,Expanded text ad,Computers,5700,3,121,3,44,68,14,112,
03-10-2021,Platform 2,channel 2,KvHZHCUnRS1G2k25DBXWig==,fighter,01-10-2021,03-10-2021,AMA,SITE,text 2,,Zd+2skv6YeFpQm3rmXiBNQ==umSH0KgpE5d1hk7z89WRYg==,https://www.site.ru,Expanded text ad,Computers,5700,3,121,3,7,21,3,60,
03-10-2021,Platform 2,channel 2,KvHZHCUnRS1G2k25DBXWig==,fighter,01-10-2021,03-10-2021,AMA,SITE,text 2,,Zd+2skv6YeFpQm3rmXiBNQ==umSH0KgpE5d1hk7z89WRYg==,https://www.site.ru,Expanded text ad,Computers,5700,3,121,3,13,30,2,5,
03-10-2021,Platform 2,channel 2,KvHZHCUnRS1G2k25DBXWig==,fighter,01-10-2021,03-10-2021,AMA,SITE,text 2,,Zd+2skv6YeFpQm3rmXiBNQ==umSH0KgpE5d1hk7z89WRYg==,https://www.site.ru,Expanded text ad,Computers,5700,3,121,3,0,16,6,86,
03-10-2021,Platform 2,channel 2,KvHZHCUnRS1G2k25DBXWig==,fighter,01-10-2021,03-10-2021,AMA,SITE,text 2,,Zd+2skv6YeFpQm3rmXiBNQ==umSH0KgpE5d1hk7z89WRYg==,https://www.site.ru,Expanded text ad,Computers,5700,3,121,3,4,20,9,18,
03-10-2021,Platform 2,channel 2,KvHZHCUnRS1G2k25DBXWig==,fighter,01-10-2021,03-10-2021,AMA,SITE,text 2,,Zd+2skv6YeFpQm3rmXiBNQ==umSH0KgpE5d1hk7z89WRYg==,https://www.site.ru,Expanded text ad,Tablets with full browsers,1500,2,245,2,44,68,14,112,
03-10-2021,Platform 2,channel 2,KvHZHCUnRS1G2k25DBXWig==,fighter,01-10-2021,03-10-2021,AMA,SITE,text 2,,Zd+2skv6YeFpQm3rmXiBNQ==umSH0KgpE5d1hk7z89WRYg==,https://www.site.ru,Expanded text ad,Tablets with full browsers,1500,2,245,2,7,21,3,60,
03-10-2021,Platform 2,channel 2,KvHZHCUnRS1G2k25DBXWig==,fighter,01-10-2021,03-10-2021,AMA,SITE,text 2,,Zd+2skv6YeFpQm3rmXiBNQ==umSH0KgpE5d1hk7z89WRYg==,https://www.site.ru,Expanded text ad,Tablets with full browsers,1500,2,245,2,13,30,2,5,
03-10-2021,Platform 2,channel 2,KvHZHCUnRS1G2k25DBXWig==,fighter,01-10-2021,03-10-2021,AMA,SITE,text 2,,Zd+2skv6YeFpQm3rmXiBNQ==umSH0KgpE5d1hk7z89WRYg==,https://www.site.ru,Expanded text ad,Tablets with full browsers,1500,2,245,2,0,16,6,86,
03-10-2021,Platform 2,channel 2,KvHZHCUnRS1G2k25DBXWig==,fighter,01-10-2021,03-10-2021,AMA,SITE,text 2,,Zd+2skv6YeFpQm3rmXiBNQ==umSH0KgpE5d1hk7z89WRYg==,https://www.site.ru,Expanded text ad,Tablets with full browsers,1500,2,245,2,4,20,9,18,
03-10-2021,Platform 2,channel 2,KvHZHCUnRS1G2k25DBXWig==,fighter,01-10-2021,03-10-2021,AMA,SITE,text 2,,Zd+2skv6YeFpQm3rmXiBNQ==umSH0KgpE5d1hk7z89WRYg==,https://www.site.ru,Expanded text ad,Tablets with full browsers,5500,4,76,2,44,68,14,112,
03-10-2021,Platform 2,channel 2,KvHZHCUnRS1G2k25DBXWig==,fighter,01-10-2021,03-10-2021,AMA,SITE,text 2,,Zd+2skv6YeFpQm3rmXiBNQ==umSH0KgpE5d1hk7z89WRYg==,https://www.site.ru,Expanded text ad,Tablets with full browsers,5500,4,76,2,7,21,3,60,
03-10-2021,Platform 2,channel 2,KvHZHCUnRS1G2k25DBXWig==,fighter,01-10-2021,03-10-2021,AMA,SITE,text 2,,Zd+2skv6YeFpQm3rmXiBNQ==umSH0KgpE5d1hk7z89WRYg==,https://www.site.ru,Expanded text ad,Tablets with full browsers,5500,4,76,2,13,30,2,5,
03-10-2021,Platform 2,channel 2,KvHZHCUnRS1G2k25DBXWig==,fighter,01-10-2021,03-10-2021,AMA,SITE,text 2,,Zd+2skv6YeFpQm3rmXiBNQ==umSH0KgpE5d1hk7z89WRYg==,https://www.site.ru,Expanded text ad,Tablets with full browsers,5500,4,76,2,0,16,6,86,
03-10-2021,Platform 2,channel 2,KvHZHCUnRS1G2k25DBXWig==,fighter,01-10-2021,03-10-2021,AMA,SITE,text 2,,Zd+2skv6YeFpQm3rmXiBNQ==umSH0KgpE5d1hk7z89WRYg==,https://www.site.ru,Expanded text ad,Tablets with full browsers,5500,4,76,2,4,20,9,18,
03-10-2021,Platform 2,channel 2,KvHZHCUnRS1G2k25DBXWig==,fighter,01-10-2021,03-10-2021,AMA,SITE,text 2,,Zd+2skv6YeFpQm3rmXiBNQ==umSH0KgpE5d1hk7z89WRYg==,https://www.site.ru,Expanded text ad,Mobile devices with full browsers,1000,4,187,3,44,68,14,112,
03-10-2021,Platform 2,channel 2,KvHZHCUnRS1G2k25DBXWig==,fighter,01-10-2021,03-10-2021,AMA,SITE,text 2,,Zd+2skv6YeFpQm3rmXiBNQ==umSH0KgpE5d1hk7z89WRYg==,https://www.site.ru,Expanded text ad,Mobile devices with full browsers,1000,4,187,3,7,21,3,60,
03-10-2021,Platform 2,channel 2,KvHZHCUnRS1G2k25DBXWig==,fighter,01-10-2021,03-10-2021,AMA,SITE,text 2,,Zd+2skv6YeFpQm3rmXiBNQ==umSH0KgpE5d1hk7z89WRYg==,https://www.site.ru,Expanded text ad,Mobile devices with full browsers,1000,4,187,3,13,30,2,5,
03-10-2021,Platform 2,channel 2,KvHZHCUnRS1G2k25DBXWig==,fighter,01-10-2021,03-10-2021,AMA,SITE,text 2,,Zd+2skv6YeFpQm3rmXiBNQ==umSH0KgpE5d1hk7z89WRYg==,https://www.site.ru,Expanded text ad,Mobile devices with full browsers,1000,4,187,3,0,16,6,86,
03-10-2021,Platform 2,channel 2,KvHZHCUnRS1G2k25DBXWig==,fighter,01-10-2021,03-10-2021,AMA,SITE,text 2,,Zd+2skv6YeFpQm3rmXiBNQ==umSH0KgpE5d1hk7z89WRYg==,https://www.site.ru,Expanded text ad,Mobile devices with full browsers,1000,4,187,3,4,20,9,18,
03-10-2021,Platform 2,channel 2,KvHZHCUnRS1G2k25DBXWig==,fighter,01-10-2021,03-10-2021,AMA,SITE,text 2,,Zd+2skv6YeFpQm3rmXiBNQ==umSH0KgpE5d1hk7z89WRYg==,https://www.site.ru,Expanded text ad,Computers,4600,3,349,2,44,68,14,112,
03-10-2021,Platform 2,channel 2,KvHZHCUnRS1G2k25DBXWig==,fighter,01-10-2021,03-10-2021,AMA,SITE,text 2,,Zd+2skv6YeFpQm3rmXiBNQ==umSH0KgpE5d1hk7z89WRYg==,https://www.site.ru,Expanded text ad,Computers,4600,3,349,2,7,21,3,60,
03-10-2021,Platform 2,channel 2,KvHZHCUnRS1G2k25DBXWig==,fighter,01-10-2021,03-10-2021,AMA,SITE,text 2,,Zd+2skv6YeFpQm3rmXiBNQ==umSH0KgpE5d1hk7z89WRYg==,https://www.site.ru,Expanded text ad,Computers,4600,3,349,2,13,30,2,5,
03-10-2021,Platform 2,channel 2,KvHZHCUnRS1G2k25DBXWig==,fighter,01-10-2021,03-10-2021,AMA,SITE,text 2,,Zd+2skv6YeFpQm3rmXiBNQ==umSH0KgpE5d1hk7z89WRYg==,https://www.site.ru,Expanded text ad,Computers,4600,3,349,2,0,16,6,86,
03-10-2021,Platform 2,channel 2,KvHZHCUnRS1G2k25DBXWig==,fighter,01-10-2021,03-10-2021,AMA,SITE,text 2,,Zd+2skv6YeFpQm3rmXiBNQ==umSH0KgpE5d1hk7z89WRYg==,https://www.site.ru,Expanded text ad,Computers,4600,3,349,2,4,20,9,18,
03-10-2021,Platform 2,channel 2,KvHZHCUnRS1G2k25DBXWig==,fighter,01-10-2021,03-10-2021,AMA,SITE,text 4,,AOCxKJicyxXiji5QJtFJuA==umSH0KgpE5d1hk7z89WRYg==,https://www.site.ru,Expanded text ad,Computers,100,5,153,2,44,68,14,112,
03-10-2021,Platform 2,channel 2,KvHZHCUnRS1G2k25DBXWig==,fighter,01-10-2021,03-10-2021,AMA,SITE,text 4,,AOCxKJicyxXiji5QJtFJuA==umSH0KgpE5d1hk7z89WRYg==,https://www.site.ru,Expanded text ad,Computers,100,5,153,2,7,21,3,60,
03-10-2021,Platform 2,channel 2,KvHZHCUnRS1G2k25DBXWig==,fighter,01-10-2021,03-10-2021,AMA,SITE,text 4,,AOCxKJicyxXiji5QJtFJuA==umSH0KgpE5d1hk7z89WRYg==,https://www.site.ru,Expanded text ad,Computers,100,5,153,2,13,30,2,5,
03-10-2021,Platform 2,channel 2,KvHZHCUnRS1G2k25DBXWig==,fighter,01-10-2021,03-10-2021,AMA,SITE,text 4,,AOCxKJicyxXiji5QJtFJuA==umSH0KgpE5d1hk7z89WRYg==,https://www.site.ru,Expanded text ad,Computers,100,5,153,2,0,16,6,86,
03-10-2021,Platform 2,channel 2,KvHZHCUnRS1G2k25DBXWig==,fighter,01-10-2021,03-10-2021,AMA,SITE,text 4,,AOCxKJicyxXiji5QJtFJuA==umSH0KgpE5d1hk7z89WRYg==,https://www.site.ru,Expanded text ad,Computers,100,5,153,2,4,20,9,18,
03-10-2021,Platform 2,channel 2,KvHZHCUnRS1G2k25DBXWig==,fighter,01-10-2021,03-10-2021,AMA,SITE,text 4,,AOCxKJicyxXiji5QJtFJuA==umSH0KgpE5d1hk7z89WRYg==,https://www.site.ru,Expanded text ad,Mobile devices with full browsers,2400,0,65,0,44,68,14,112,
03-10-2021,Platform 2,channel 2,KvHZHCUnRS1G2k25DBXWig==,fighter,01-10-2021,03-10-2021,AMA,SITE,text 4,,AOCxKJicyxXiji5QJtFJuA==umSH0KgpE5d1hk7z89WRYg==,https://www.site.ru,Expanded text ad,Mobile devices with full browsers,2400,0,65,0,7,21,3,60,
03-10-2021,Platform 2,channel 2,KvHZHCUnRS1G2k25DBXWig==,fighter,01-10-2021,03-10-2021,AMA,SITE,text 4,,AOCxKJicyxXiji5QJtFJuA==umSH0KgpE5d1hk7z89WRYg==,https://www.site.ru,Expanded text ad,Mobile devices with full browsers,2400,0,65,0,13,30,2,5,
03-10-2021,Platform 2,channel 2,KvHZHCUnRS1G2k25DBXWig==,fighter,01-10-2021,03-10-2021,AMA,SITE,text 4,,AOCxKJicyxXiji5QJtFJuA==umSH0KgpE5d1hk7z89WRYg==,https://www.site.ru,Expanded text ad,Mobile devices with full browsers,2400,0,65,0,0,16,6,86,
03-10-2021,Platform 2,channel 2,KvHZHCUnRS1G2k25DBXWig==,fighter,01-10-2021,03-10-2021,AMA,SITE,text 4,,AOCxKJicyxXiji5QJtFJuA==umSH0KgpE5d1hk7z89WRYg==,https://www.site.ru,Expanded text ad,Mobile devices with full browsers,2400,0,65,0,4,20,9,18,
03-10-2021,Platform 2,channel 2,KvHZHCUnRS1G2k25DBXWig==,amacrm,01-10-2021,03-10-2021,AMA,WALLMART,Broad Tr | text 1,Broad Tr,YqeNG+/UId+kO2KLjzKxBg==12CHLK78S8wvbxj70aCyoA==,https://www.walmart.com,Expanded text ad,Mobile devices with full browsers,5868,2,243,1,18,44,4,11,
03-10-2021,Platform 2,channel 2,KvHZHCUnRS1G2k25DBXWig==,amacrm,01-10-2021,03-10-2021,AMA,WALLMART,Broad Tr | text 1,Broad Tr,YqeNG+/UId+kO2KLjzKxBg==12CHLK78S8wvbxj70aCyoA==,https://www.walmart.com,Expanded text ad,Mobile devices with full browsers,5868,2,243,1,12,49,17,28,
03-10-2021,Platform 2,channel 2,KvHZHCUnRS1G2k25DBXWig==,amacrm,01-10-2021,03-10-2021,AMA,WALLMART,Broad Tr | text 1,Broad Tr,YqeNG+/UId+kO2KLjzKxBg==12CHLK78S8wvbxj70aCyoA==,https://www.walmart.com,Expanded text ad,Mobile devices with full browsers,5868,2,243,1,6,70,17,57,
03-10-2021,Platform 2,channel 2,KvHZHCUnRS1G2k25DBXWig==,amacrm,01-10-2021,03-10-2021,AMA,WALLMART,Broad Tr | text 1,Broad Tr,YqeNG+/UId+kO2KLjzKxBg==12CHLK78S8wvbxj70aCyoA==,https://www.walmart.com,Expanded text ad,Mobile devices with full browsers,3006,2,39,0,18,44,4,11,
03-10-2021,Platform 2,channel 2,KvHZHCUnRS1G2k25DBXWig==,amacrm,01-10-2021,03-10-2021,AMA,WALLMART,Broad Tr | text 1,Broad Tr,YqeNG+/UId+kO2KLjzKxBg==12CHLK78S8wvbxj70aCyoA==,https://www.walmart.com,Expanded text ad,Mobile devices with full browsers,3006,2,39,0,12,49,17,28,
03-10-2021,Platform 2,channel 2,KvHZHCUnRS1G2k25DBXWig==,amacrm,01-10-2021,03-10-2021,AMA,WALLMART,Broad Tr | text 1,Broad Tr,YqeNG+/UId+kO2KLjzKxBg==12CHLK78S8wvbxj70aCyoA==,https://www.walmart.com,Expanded text ad,Mobile devices with full browsers,3006,2,39,0,6,70,17,57,
03-10-2021,Platform 2,channel 2,KvHZHCUnRS1G2k25DBXWig==,amacrm,01-10-2021,03-10-2021,AMA,WALLMART,Broad Tr | text 1,Broad Tr,YqeNG+/UId+kO2KLjzKxBg==12CHLK78S8wvbxj70aCyoA==,https://www.walmart.com,Expanded text ad,Mobile devices with full browsers,8200,2,304,0,18,44,4,11,
03-10-2021,Platform 2,channel 2,KvHZHCUnRS1G2k25DBXWig==,amacrm,01-10-2021,03-10-2021,AMA,WALLMART,Broad Tr | text 1,Broad Tr,YqeNG+/UId+kO2KLjzKxBg==12CHLK78S8wvbxj70aCyoA==,https://www.walmart.com,Expanded text ad,Mobile devices with full browsers,8200,2,304,0,12,49,17,28,
03-10-2021,Platform 2,channel 2,KvHZHCUnRS1G2k25DBXWig==,amacrm,01-10-2021,03-10-2021,AMA,WALLMART,Broad Tr | text 1,Broad Tr,YqeNG+/UId+kO2KLjzKxBg==12CHLK78S8wvbxj70aCyoA==,https://www.walmart.com,Expanded text ad,Mobile devices with full browsers,8200,2,304,0,6,70,17,57,
03-10-2021,Platform 2,channel 2,KvHZHCUnRS1G2k25DBXWig==,amacrm,01-10-2021,03-10-2021,AMA,WALLMART,Broad Tr | text 1,Broad Tr,YqeNG+/UId+kO2KLjzKxBg==12CHLK78S8wvbxj70aCyoA==,https://www.walmart.com,Expanded text ad,Mobile devices with full browsers,7400,2,331,3,18,44,4,11,
03-10-2021,Platform 2,channel 2,KvHZHCUnRS1G2k25DBXWig==,amacrm,01-10-2021,03-10-2021,AMA,WALLMART,Broad Tr | text 1,Broad Tr,YqeNG+/UId+kO2KLjzKxBg==12CHLK78S8wvbxj70aCyoA==,https://www.walmart.com,Expanded text ad,Mobile devices with full browsers,7400,2,331,3,12,49,17,28,
03-10-2021,Platform 2,channel 2,KvHZHCUnRS1G2k25DBXWig==,amacrm,01-10-2021,03-10-2021,AMA,WALLMART,Broad Tr | text 1,Broad Tr,YqeNG+/UId+kO2KLjzKxBg==12CHLK78S8wvbxj70aCyoA==,https://www.walmart.com,Expanded text ad,Mobile devices with full browsers,7400,2,331,3,6,70,17,57,
03-10-2021,Platform 2,channel 2,KvHZHCUnRS1G2k25DBXWig==,amacrm,01-10-2021,03-10-2021,AMA,WALLMART,Broad Tr | text 3,Broad Tr,x/NX0dIXDXJ5O2JeVUj0hg==mRLvPGX0fBcYn83RRfMbYw==,https://www.walmart.com,Expanded text ad,Computers,2700,4,134,1,18,44,4,11,
03-10-2021,Platform 2,channel 2,KvHZHCUnRS1G2k25DBXWig==,amacrm,01-10-2021,03-10-2021,AMA,WALLMART,Broad Tr | text 3,Broad Tr,x/NX0dIXDXJ5O2JeVUj0hg==mRLvPGX0fBcYn83RRfMbYw==,https://www.walmart.com,Expanded text ad,Computers,2700,4,134,1,12,49,17,28,
03-10-2021,Platform 2,channel 2,KvHZHCUnRS1G2k25DBXWig==,amacrm,01-10-2021,03-10-2021,AMA,WALLMART,Broad Tr | text 3,Broad Tr,x/NX0dIXDXJ5O2JeVUj0hg==mRLvPGX0fBcYn83RRfMbYw==,https://www.walmart.com,Expanded text ad,Computers,2700,4,134,1,6,70,17,57,
03-10-2021,Platform 2,channel 2,KvHZHCUnRS1G2k25DBXWig==,amacrm,01-10-2021,03-10-2021,AMA,WALLMART,Broad Tr | text 3,Broad Tr,x/NX0dIXDXJ5O2JeVUj0hg==mRLvPGX0fBcYn83RRfMbYw==,https://www.walmart.com,Expanded text ad,Mobile devices with full browsers,4400,2,62,2,18,44,4,11,
03-10-2021,Platform 2,channel 2,KvHZHCUnRS1G2k25DBXWig==,amacrm,01-10-2021,03-10-2021,AMA,WALLMART,Broad Tr | text 3,Broad Tr,x/NX0dIXDXJ5O2JeVUj0hg==mRLvPGX0fBcYn83RRfMbYw==,https://www.walmart.com,Expanded text ad,Mobile devices with full browsers,4400,2,62,2,12,49,17,28,
03-10-2021,Platform 2,channel 2,KvHZHCUnRS1G2k25DBXWig==,amacrm,01-10-2021,03-10-2021,AMA,WALLMART,Broad Tr | text 3,Broad Tr,x/NX0dIXDXJ5O2JeVUj0hg==mRLvPGX0fBcYn83RRfMbYw==,https://www.walmart.com,Expanded text ad,Mobile devices with full browsers,4400,2,62,2,6,70,17,57,
03-10-2021,Platform 2,channel 2,KvHZHCUnRS1G2k25DBXWig==,amacrm,01-10-2021,03-10-2021,AMA,WALLMART,Broad Tr | text 3,Broad Tr,x/NX0dIXDXJ5O2JeVUj0hg==mRLvPGX0fBcYn83RRfMbYw==,https://www.walmart.com,Expanded text ad,Mobile devices with full browsers,4700,3,68,2,18,44,4,11,
03-10-2021,Platform 2,channel 2,KvHZHCUnRS1G2k25DBXWig==,amacrm,01-10-2021,03-10-2021,AMA,WALLMART,Broad Tr | text 3,Broad Tr,x/NX0dIXDXJ5O2JeVUj0hg==mRLvPGX0fBcYn83RRfMbYw==,https://www.walmart.com,Expanded text ad,Mobile devices with full browsers,4700,3,68,2,12,49,17,28,
03-10-2021,Platform 2,channel 2,KvHZHCUnRS1G2k25DBXWig==,amacrm,01-10-2021,03-10-2021,AMA,WALLMART,Broad Tr | text 3,Broad Tr,x/NX0dIXDXJ5O2JeVUj0hg==mRLvPGX0fBcYn83RRfMbYw==,https://www.walmart.com,Expanded text ad,Mobile devices with full browsers,4700,3,68,2,6,70,17,57,
03-10-2021,Platform 2,channel 2,KvHZHCUnRS1G2k25DBXWig==,amacrm,01-10-2021,03-10-2021,AMA,WALLMART,Broad Tr | text 3,Broad Tr,x/NX0dIXDXJ5O2JeVUj0hg==mRLvPGX0fBcYn83RRfMbYw==,https://www.walmart.com,Expanded text ad,Computers,1900,3,0,0,18,44,4,11,
03-10-2021,Platform 2,channel 2,KvHZHCUnRS1G2k25DBXWig==,amacrm,01-10-2021,03-10-2021,AMA,WALLMART,Broad Tr | text 3,Broad Tr,x/NX0dIXDXJ5O2JeVUj0hg==mRLvPGX0fBcYn83RRfMbYw==,https://www.walmart.com,Expanded text ad,Computers,1900,3,0,0,12,49,17,28,
03-10-2021,Platform 2,channel 2,KvHZHCUnRS1G2k25DBXWig==,amacrm,01-10-2021,03-10-2021,AMA,WALLMART,Broad Tr | text 3,Broad Tr,x/NX0dIXDXJ5O2JeVUj0hg==mRLvPGX0fBcYn83RRfMbYw==,https://www.walmart.com,Expanded text ad,Computers,1900,3,0,0,6,70,17,57,
03-10-2021,Platform 2,channel 2,DLH2GuJt0uJopHspKxKPmg==,student,01-10-2021,03-10-2021,UNIVERSITY,WALLMART,Broad Tr | text 5,Broad Tr,IU5a2+QIPHTDpAUH69SJmw==fLFwmpZpCje4FV/syLYS8g==,https://www.walmart.com,Expanded text ad,Mobile devices with full browsers,6000,3,236,3,69,70,0,55,
03-10-2021,Platform 2,channel 2,DLH2GuJt0uJopHspKxKPmg==,student,01-10-2021,03-10-2021,UNIVERSITY,WALLMART,Broad Tr | text 5,Broad Tr,IU5a2+QIPHTDpAUH69SJmw==fLFwmpZpCje4FV/syLYS8g==,https://www.walmart.com,Expanded text ad,Mobile devices with full browsers,6000,3,236,3,39,34,19,59,
03-10-2021,Platform 2,channel 2,DLH2GuJt0uJopHspKxKPmg==,student,01-10-2021,03-10-2021,UNIVERSITY,WALLMART,Broad Tr | text 5,Broad Tr,IU5a2+QIPHTDpAUH69SJmw==fLFwmpZpCje4FV/syLYS8g==,https://www.walmart.com,Expanded text ad,Mobile devices with full browsers,6000,3,236,3,49,50,6,3,
03-10-2021,Platform 2,channel 2,DLH2GuJt0uJopHspKxKPmg==,student,01-10-2021,03-10-2021,UNIVERSITY,WALLMART,Broad Tr | text 5,Broad Tr,IU5a2+QIPHTDpAUH69SJmw==S2YGN4JApQtan9HGz/89Xw==,https://www.walmart.com,Expanded text ad,Mobile devices with full browsers,0,2,14,2,69,70,0,55,
03-10-2021,Platform 2,channel 2,DLH2GuJt0uJopHspKxKPmg==,student,01-10-2021,03-10-2021,UNIVERSITY,WALLMART,Broad Tr | text 5,Broad Tr,IU5a2+QIPHTDpAUH69SJmw==S2YGN4JApQtan9HGz/89Xw==,https://www.walmart.com,Expanded text ad,Mobile devices with full browsers,0,2,14,2,39,34,19,59,
03-10-2021,Platform 2,channel 2,DLH2GuJt0uJopHspKxKPmg==,student,01-10-2021,03-10-2021,UNIVERSITY,WALLMART,Broad Tr | text 5,Broad Tr,IU5a2+QIPHTDpAUH69SJmw==S2YGN4JApQtan9HGz/89Xw==,https://www.walmart.com,Expanded text ad,Mobile devices with full browsers,0,2,14,2,49,50,6,3,
03-10-2021,Platform 1,channel 1,KvHZHCUnRS1G2k25DBXWig==,strangeadventure,01-10-2021,03-10-2021,EXPEDITION,WALLMART,Broad | adset 1,Broad,GyklXyqLs+X58idmnipQLA==umSH0Kgpkfkesfme9WRYg==L2xLfMOQtVfGLNscF2lwlw==,https://www.walmart.com/zNwbVNv+6Wzm8qpln071bQ==,Expanded text ad,Mobile devices with full browsers,1309,1,197,2,27,14,2,102,
03-10-2021,Platform 1,channel 1,KvHZHCUnRS1G2k25DBXWig==,strangeadventure,01-10-2021,03-10-2021,EXPEDITION,WALLMART,Broad | adset 1,Broad,GyklXyqLs+X58idmnipQLA==umSH0Kgpkfkesfme9WRYg==L2xLfMOQtVfGLNscF2lwlw==,https://www.walmart.com/zNwbVNv+6Wzm8qpln071bQ==,Expanded text ad,Mobile devices with full browsers,1309,1,197,2,38,54,16,38,
03-10-2021,Platform 1,channel 1,KvHZHCUnRS1G2k25DBXWig==,strangeadventure,01-10-2021,03-10-2021,EXPEDITION,WALLMART,Broad | adset 1,Broad,GyklXyqLs+X58idmnipQLA==umSH0Kgpkfkesfme9WRYg==L2xLfMOQtVfGLNscF2lwlw==,https://www.walmart.com/zNwbVNv+6Wzm8qpln071bQ==,Expanded text ad,Mobile devices with full browsers,1309,1,197,2,21,19,0,57,
03-10-2021,Platform 1,channel 1,KvHZHCUnRS1G2k25DBXWig==,strangeadventure,01-10-2021,03-10-2021,EXPEDITION,WALLMART,Broad | adset 1,Broad,GyklXyqLs+X58idmnipQLA==nooZCXrrniLjba8brIDdvA==L2xLfMOQtVfGLNscF2lwlw==,https://www.walmart.com/zNwbVNv+6Wzm8qpln071bQ==,Expanded text ad,Mobile devices with full browsers,0,7,148,0,27,14,2,102,
03-10-2021,Platform 1,channel 1,KvHZHCUnRS1G2k25DBXWig==,strangeadventure,01-10-2021,03-10-2021,EXPEDITION,WALLMART,Broad | adset 1,Broad,GyklXyqLs+X58idmnipQLA==nooZCXrrniLjba8brIDdvA==L2xLfMOQtVfGLNscF2lwlw==,https://www.walmart.com/zNwbVNv+6Wzm8qpln071bQ==,Expanded text ad,Mobile devices with full browsers,0,7,148,0,38,54,16,38,
03-10-2021,Platform 1,channel 1,KvHZHCUnRS1G2k25DBXWig==,strangeadventure,01-10-2021,03-10-2021,EXPEDITION,WALLMART,Broad | adset 1,Broad,GyklXyqLs+X58idmnipQLA==nooZCXrrniLjba8brIDdvA==L2xLfMOQtVfGLNscF2lwlw==,https://www.walmart.com/zNwbVNv+6Wzm8qpln071bQ==,Expanded text ad,Mobile devices with full browsers,0,7,148,0,21,19,0,57,
03-10-2021,Platform 1,channel 1,KvHZHCUnRS1G2k25DBXWig==,strangeadventure,01-10-2021,03-10-2021,EXPEDITION,WALLMART,Broad | adset 1,Broad,GyklXyqLs+X58idmnipQLA==nooZCXrrniLjba8brIDdvA==L2xLfMOQtVfGLNscF2lwlw==,https://www.walmart.com/zNwbVNv+6Wzm8qpln071bQ==,Expanded text ad,Mobile devices with full browsers,0,8,89,2,27,14,2,102,
03-10-2021,Platform 1,channel 1,KvHZHCUnRS1G2k25DBXWig==,strangeadventure,01-10-2021,03-10-2021,EXPEDITION,WALLMART,Broad | adset 1,Broad,GyklXyqLs+X58idmnipQLA==nooZCXrrniLjba8brIDdvA==L2xLfMOQtVfGLNscF2lwlw==,https://www.walmart.com/zNwbVNv+6Wzm8qpln071bQ==,Expanded text ad,Mobile devices with full browsers,0,8,89,2,38,54,16,38,
03-10-2021,Platform 1,channel 1,KvHZHCUnRS1G2k25DBXWig==,strangeadventure,01-10-2021,03-10-2021,EXPEDITION,WALLMART,Broad | adset 1,Broad,GyklXyqLs+X58idmnipQLA==nooZCXrrniLjba8brIDdvA==L2xLfMOQtVfGLNscF2lwlw==,https://www.walmart.com/zNwbVNv+6Wzm8qpln071bQ==,Expanded text ad,Mobile devices with full browsers,0,8,89,2,21,19,0,57,
03-10-2021,Platform 1,channel 1,KvHZHCUnRS1G2k25DBXWig==,strangeadventure,01-10-2021,03-10-2021,EXPEDITION,WALLMART,Broad | adset 1,Broad,GyklXyfkdfkdedmnipQLA==q9wKnBCOfg2UHGZSeDSwQw==z5B9C8/Z5VLRNLQMKZB02g==,https://www.walmart.com/zNwbVNv+6Wzm8qpln071bQ==,Expanded text ad,Mobile devices with full browsers,0,4,205,0,27,14,2,102,
03-10-2021,Platform 1,channel 1,KvHZHCUnRS1G2k25DBXWig==,strangeadventure,01-10-2021,03-10-2021,EXPEDITION,WALLMART,Broad | adset 1,Broad,GyklXyfkdfkdedmnipQLA==q9wKnBCOfg2UHGZSeDSwQw==z5B9C8/Z5VLRNLQMKZB02g==,https://www.walmart.com/zNwbVNv+6Wzm8qpln071bQ==,Expanded text ad,Mobile devices with full browsers,0,4,205,0,38,54,16,38,
03-10-2021,Platform 1,channel 1,KvHZHCUnRS1G2k25DBXWig==,strangeadventure,01-10-2021,03-10-2021,EXPEDITION,WALLMART,Broad | adset 1,Broad,GyklXyfkdfkdedmnipQLA==q9wKnBCOfg2UHGZSeDSwQw==z5B9C8/Z5VLRNLQMKZB02g==,https://www.walmart.com/zNwbVNv+6Wzm8qpln071bQ==,Expanded text ad,Mobile devices with full browsers,0,4,205,0,21,19,0,57,
03-10-2021,Platform 1,channel 1,KvHZHCUnRS1G2k25DBXWig==,strangeadventure,01-10-2021,03-10-2021,EXPEDITION,WALLMART,Broad | adset 1,Broad,GyklXyqLs+X58idmnipQLA==umSH0Kgpkfkesfme9WRYg==L2xLfMOQtVfGLNscF2lwlw==,https://www.walmart.com/zNwbVNv+6Wzm8qpln071bQ==,Expanded text ad,Computers,13,7,133,0,27,14,2,102,
03-10-2021,Platform 1,channel 1,KvHZHCUnRS1G2k25DBXWig==,strangeadventure,01-10-2021,03-10-2021,EXPEDITION,WALLMART,Broad | adset 1,Broad,GyklXyqLs+X58idmnipQLA==umSH0Kgpkfkesfme9WRYg==L2xLfMOQtVfGLNscF2lwlw==,https://www.walmart.com/zNwbVNv+6Wzm8qpln071bQ==,Expanded text ad,Computers,13,7,133,0,38,54,16,38,
03-10-2021,Platform 1,channel 1,KvHZHCUnRS1G2k25DBXWig==,strangeadventure,01-10-2021,03-10-2021,EXPEDITION,WALLMART,Broad | adset 1,Broad,GyklXyqLs+X58idmnipQLA==umSH0Kgpkfkesfme9WRYg==L2xLfMOQtVfGLNscF2lwlw==,https://www.walmart.com/zNwbVNv+6Wzm8qpln071bQ==,Expanded text ad,Computers,13,7,133,0,21,19,0,57,
03-10-2021,Platform 1,channel 1,KvHZHCUnRS1G2k25DBXWig==,strangeadventure,01-10-2021,03-10-2021,EXPEDITION,WALLMART,Broad | adset 1,Broad,GyklXyqLs+X58idmnipQLA==umSH0Kgpkfkesfme9WRYg==L2xLfMOQtVfGLNscF2lwlw==,https://www.walmart.com/zNwbVNv+6Wzm8qpln071bQ==,Expanded text ad,Mobile devices with full browsers,0,4,95,0,27,14,2,102,
03-10-2021,Platform 1,channel 1,KvHZHCUnRS1G2k25DBXWig==,strangeadventure,01-10-2021,03-10-2021,EXPEDITION,WALLMART,Broad | adset 1,Broad,GyklXyqLs+X58idmnipQLA==umSH0Kgpkfkesfme9WRYg==L2xLfMOQtVfGLNscF2lwlw==,https://www.walmart.com/zNwbVNv+6Wzm8qpln071bQ==,Expanded text ad,Mobile devices with full browsers,0,4,95,0,38,54,16,38,
03-10-2021,Platform 1,channel 1,KvHZHCUnRS1G2k25DBXWig==,strangeadventure,01-10-2021,03-10-2021,EXPEDITION,WALLMART,Broad | adset 1,Broad,GyklXyqLs+X58idmnipQLA==umSH0Kgpkfkesfme9WRYg==L2xLfMOQtVfGLNscF2lwlw==,https://www.walmart.com/zNwbVNv+6Wzm8qpln071bQ==,Expanded text ad,Mobile devices with full browsers,0,4,95,0,21,19,0,57,
03-10-2021,Platform 1,channel 1,KvHZHCUnRS1G2k25DBXWig==,strangeadventure,01-10-2021,03-10-2021,EXPEDITION,WALLMART,Broad | adset 1,Broad,GyklXyqLs+X58idmnipQLA==umSH0Kgpkfkesfme9WRYg==L2xLfMOQtVfGLNscF2lwlw==,https://www.walmart.com/zNwbVNv+6Wzm8qpln071bQ==,Expanded text ad,Mobile devices with full browsers,15,6,79,1,27,14,2,102,
03-10-2021,Platform 1,channel 1,KvHZHCUnRS1G2k25DBXWig==,strangeadventure,01-10-2021,03-10-2021,EXPEDITION,WALLMART,Broad | adset 1,Broad,GyklXyqLs+X58idmnipQLA==umSH0Kgpkfkesfme9WRYg==L2xLfMOQtVfGLNscF2lwlw==,https://www.walmart.com/zNwbVNv+6Wzm8qpln071bQ==,Expanded text ad,Mobile devices with full browsers,15,6,79,1,38,54,16,38,
03-10-2021,Platform 1,channel 1,KvHZHCUnRS1G2k25DBXWig==,strangeadventure,01-10-2021,03-10-2021,EXPEDITION,WALLMART,Broad | adset 1,Broad,GyklXyqLs+X58idmnipQLA==umSH0Kgpkfkesfme9WRYg==L2xLfMOQtVfGLNscF2lwlw==,https://www.walmart.com/zNwbVNv+6Wzm8qpln071bQ==,Expanded text ad,Mobile devices with full browsers,15,6,79,1,21,19,0,57,
03-10-2021,Platform 1,channel 1,KvHZHCUnRS1G2k25DBXWig==,strangeadventure,01-10-2021,03-10-2021,EXPEDITION,WALLMART,Broad | adset 1,Broad,GyklXyqLs+X58idmnipQLA==umSH0Kgpkfkesfme9WRYg==L2xLfMOQtVfGLNscF2lwlw==,https://www.walmart.com/zNwbVNv+6Wzm8qpln071bQ==,Expanded text ad,Tablets with full browsers,0,5,44,1,27,14,2,102,
03-10-2021,Platform 1,channel 1,KvHZHCUnRS1G2k25DBXWig==,strangeadventure,01-10-2021,03-10-2021,EXPEDITION,WALLMART,Broad | adset 1,Broad,GyklXyqLs+X58idmnipQLA==umSH0Kgpkfkesfme9WRYg==L2xLfMOQtVfGLNscF2lwlw==,https://www.walmart.com/zNwbVNv+6Wzm8qpln071bQ==,Expanded text ad,Tablets with full browsers,0,5,44,1,38,54,16,38,
03-10-2021,Platform 1,channel 1,KvHZHCUnRS1G2k25DBXWig==,strangeadventure,01-10-2021,03-10-2021,EXPEDITION,WALLMART,Broad | adset 1,Broad,GyklXyqLs+X58idmnipQLA==umSH0Kgpkfkesfme9WRYg==L2xLfMOQtVfGLNscF2lwlw==,https://www.walmart.com/zNwbVNv+6Wzm8qpln071bQ==,Expanded text ad,Tablets with full browsers,0,5,44,1,21,19,0,57,
03-10-2021,Platform 1,channel 1,KvHZHCUnRS1G2k25DBXWig==,strangeadventure,01-10-2021,03-10-2021,EXPEDITION,WALLMART,Broad | adset 1,Broad,GyklXyqLs+X58idmnipQLA==umSH0Kgpkfkesfme9WRYg==L2xLfMOQtVfGLNscF2lwlw==,https://www.walmart.com/zNwbVNv+6Wzm8qpln071bQ==,Expanded text ad,Tablets with full browsers,0,0,323,0,27,14,2,102,
03-10-2021,Platform 1,channel 1,KvHZHCUnRS1G2k25DBXWig==,strangeadventure,01-10-2021,03-10-2021,EXPEDITION,WALLMART,Broad | adset 1,Broad,GyklXyqLs+X58idmnipQLA==umSH0Kgpkfkesfme9WRYg==L2xLfMOQtVfGLNscF2lwlw==,https://www.walmart.com/zNwbVNv+6Wzm8qpln071bQ==,Expanded text ad,Tablets with full browsers,0,0,323,0,38,54,16,38,
03-10-2021,Platform 1,channel 1,KvHZHCUnRS1G2k25DBXWig==,strangeadventure,01-10-2021,03-10-2021,EXPEDITION,WALLMART,Broad | adset 1,Broad,GyklXyqLs+X58idmnipQLA==umSH0Kgpkfkesfme9WRYg==L2xLfMOQtVfGLNscF2lwlw==,https://www.walmart.com/zNwbVNv+6Wzm8qpln071bQ==,Expanded text ad,Tablets with full browsers,0,0,323,0,21,19,0,57,
03-10-2021,Platform 1,channel 1,KvHZHCUnRS1G2k25DBXWig==,strangeadventure,01-10-2021,03-10-2021,EXPEDITION,WALLMART,Broad | adset 1,Broad,GyklXyqLs+X58idmnipQLA==umSH0Kgpkfkesfme9WRYg==L2xLfMOQtVfGLNscF2lwlw==,https://www.walmart.com/zNwbVNv+6Wzm8qpln071bQ==,Expanded text ad,Mobile devices with full browsers,0,4,210,0,27,14,2,102,
03-10-2021,Platform 1,channel 1,KvHZHCUnRS1G2k25DBXWig==,strangeadventure,01-10-2021,03-10-2021,EXPEDITION,WALLMART,Broad | adset 1,Broad,GyklXyqLs+X58idmnipQLA==umSH0Kgpkfkesfme9WRYg==L2xLfMOQtVfGLNscF2lwlw==,https://www.walmart.com/zNwbVNv+6Wzm8qpln071bQ==,Expanded text ad,Mobile devices with full browsers,0,4,210,0,38,54,16,38,
03-10-2021,Platform 1,channel 1,KvHZHCUnRS1G2k25DBXWig==,strangeadventure,01-10-2021,03-10-2021,EXPEDITION,WALLMART,Broad | adset 1,Broad,GyklXyqLs+X58idmnipQLA==umSH0Kgpkfkesfme9WRYg==L2xLfMOQtVfGLNscF2lwlw==,https://www.walmart.com/zNwbVNv+6Wzm8qpln071bQ==,Expanded text ad,Mobile devices with full browsers,0,4,210,0,21,19,0,57,
03-10-2021,Platform 1,channel 1,KvHZHCUnRS1G2k25DBXWig==,strangeadventure,01-10-2021,03-10-2021,EXPEDITION,WALLMART,Broad | adset 1,Broad,GyklXyqLs+X58idmnipQLA==umSH0Kgpkfkesfme9WRYg==L2xLfMOQtVfGLNscF2lwlw==,https://www.walmart.com/zNwbVNv+6Wzm8qpln071bQ==,Expanded text ad,Computers,214,1,150,2,27,14,2,102,
03-10-2021,Platform 1,channel 1,KvHZHCUnRS1G2k25DBXWig==,strangeadventure,01-10-2021,03-10-2021,EXPEDITION,WALLMART,Broad | adset 1,Broad,GyklXyqLs+X58idmnipQLA==umSH0Kgpkfkesfme9WRYg==L2xLfMOQtVfGLNscF2lwlw==,https://www.walmart.com/zNwbVNv+6Wzm8qpln071bQ==,Expanded text ad,Computers,214,1,150,2,38,54,16,38,
03-10-2021,Platform 1,channel 1,KvHZHCUnRS1G2k25DBXWig==,strangeadventure,01-10-2021,03-10-2021,EXPEDITION,WALLMART,Broad | adset 1,Broad,GyklXyqLs+X58idmnipQLA==umSH0Kgpkfkesfme9WRYg==L2xLfMOQtVfGLNscF2lwlw==,https://www.walmart.com/zNwbVNv+6Wzm8qpln071bQ==,Expanded text ad,Computers,214,1,150,2,21,19,0,57,
03-10-2021,Platform 1,channel 1,KvHZHCUnRS1G2k25DBXWig==,strangeadventure,01-10-2021,03-10-2021,EXPEDITION,WALLMART,Broad | adset 1,Broad,GyklXyqLs+X58idmnipQLA==umSH0Kgpkfkesfme9WRYg==L2xLfMOQtVfGLNscF2lwlw==,https://www.walmart.com/zNwbVNv+6Wzm8qpln071bQ==,Expanded text ad,Mobile devices with full browsers,0,0,308,1,27,14,2,102,
03-10-2021,Platform 1,channel 1,KvHZHCUnRS1G2k25DBXWig==,strangeadventure,01-10-2021,03-10-2021,EXPEDITION,WALLMART,Broad | adset 1,Broad,GyklXyqLs+X58idmnipQLA==umSH0Kgpkfkesfme9WRYg==L2xLfMOQtVfGLNscF2lwlw==,https://www.walmart.com/zNwbVNv+6Wzm8qpln071bQ==,Expanded text ad,Mobile devices with full browsers,0,0,308,1,38,54,16,38,
03-10-2021,Platform 1,channel 1,KvHZHCUnRS1G2k25DBXWig==,strangeadventure,01-10-2021,03-10-2021,EXPEDITION,WALLMART,Broad | adset 1,Broad,GyklXyqLs+X58idmnipQLA==umSH0Kgpkfkesfme9WRYg==L2xLfMOQtVfGLNscF2lwlw==,https://www.walmart.com/zNwbVNv+6Wzm8qpln071bQ==,Expanded text ad,Mobile devices with full browsers,0,0,308,1,21,19,0,57,
03-10-2021,Platform 1,channel 1,KvHZHCUnRS1G2k25DBXWig==,strangeadventure,01-10-2021,03-10-2021,EXPEDITION,WALLMART,Broad | adset 6,Broad,QdJfvxSJeSJoENaWwiOffA==umSH0KgpE5d1hk7z89WRYg==L2xLfMOQtVfGLNscF2lwlw==,https://www.walmart.com/zNwbVNv+6Wzm8qpln071bQ==,Expanded text ad,Mobile devices with full browsers,0,1,100,2,27,14,2,102,
03-10-2021,Platform 1,channel 1,KvHZHCUnRS1G2k25DBXWig==,strangeadventure,01-10-2021,03-10-2021,EXPEDITION,WALLMART,Broad | adset 6,Broad,QdJfvxSJeSJoENaWwiOffA==umSH0KgpE5d1hk7z89WRYg==L2xLfMOQtVfGLNscF2lwlw==,https://www.walmart.com/zNwbVNv+6Wzm8qpln071bQ==,Expanded text ad,Mobile devices with full browsers,0,1,100,2,38,54,16,38,
03-10-2021,Platform 1,channel 1,KvHZHCUnRS1G2k25DBXWig==,strangeadventure,01-10-2021,03-10-2021,EXPEDITION,WALLMART,Broad | adset 6,Broad,QdJfvxSJeSJoENaWwiOffA==umSH0KgpE5d1hk7z89WRYg==L2xLfMOQtVfGLNscF2lwlw==,https://www.walmart.com/zNwbVNv+6Wzm8qpln071bQ==,Expanded text ad,Mobile devices with full browsers,0,1,100,2,21,19,0,57,
03-10-2021,Platform 1,channel 1,KvHZHCUnRS1G2k25DBXWig==,strangeadventure,01-10-2021,03-10-2021,EXPEDITION,WALLMART,Broad | adset 6,Broad,QdJfvxSJeSJoENaWwiOffA==umSH0KgpE5d1hk7z89WRYg==L2xLfMOQtVfGLNscF2lwlw==,https://www.walmart.com/zNwbVNv+6Wzm8qpln071bQ==,Expanded text ad,Mobile devices with full browsers,24,0,97,2,27,14,2,102,
03-10-2021,Platform 1,channel 1,KvHZHCUnRS1G2k25DBXWig==,strangeadventure,01-10-2021,03-10-2021,EXPEDITION,WALLMART,Broad | adset 6,Broad,QdJfvxSJeSJoENaWwiOffA==umSH0KgpE5d1hk7z89WRYg==L2xLfMOQtVfGLNscF2lwlw==,https://www.walmart.com/zNwbVNv+6Wzm8qpln071bQ==,Expanded text ad,Mobile devices with full browsers,24,0,97,2,38,54,16,38,
03-10-2021,Platform 1,channel 1,KvHZHCUnRS1G2k25DBXWig==,strangeadventure,01-10-2021,03-10-2021,EXPEDITION,WALLMART,Broad | adset 6,Broad,QdJfvxSJeSJoENaWwiOffA==umSH0KgpE5d1hk7z89WRYg==L2xLfMOQtVfGLNscF2lwlw==,https://www.walmart.com/zNwbVNv+6Wzm8qpln071bQ==,Expanded text ad,Mobile devices with full browsers,24,0,97,2,21,19,0,57,
03-10-2021,Platform 1,channel 1,DLH2GuJt0uJopHspKxKPmg==,fireshow,01-10-2021,03-10-2021,FIRE,WALLMART,Broad | adset 2,Broad,SowCbCM9exuZ+X63iu8LjQ==Mx8qJTEumedTsWDPtslNUg==SnxP7UR9LpnuNQsc4hjQWQ==,https://www.walmart.com/20eeOER9H5uao3snTZcYQg==,Expanded text ad,Mobile devices with full browsers,778,1,183,0,69,47,20,115,
03-10-2021,Platform 1,channel 1,DLH2GuJt0uJopHspKxKPmg==,fireshow,01-10-2021,03-10-2021,FIRE,WALLMART,Broad | adset 2,Broad,SowCbCM9exuZ+X63iu8LjQ==Mx8qJTEumedTsWDPtslNUg==SnxP7UR9LpnuNQsc4hjQWQ==,https://www.walmart.com/20eeOER9H5uao3snTZcYQg==,Expanded text ad,Mobile devices with full browsers,778,1,183,0,60,50,13,22,
03-10-2021,Platform 1,channel 1,DLH2GuJt0uJopHspKxKPmg==,fireshow,01-10-2021,03-10-2021,FIRE,WALLMART,Broad | adset 2,Broad,SowCbCM9exuZ+X63iu8LjQ==Mx8qJTEumedTsWDPtslNUg==SnxP7UR9LpnuNQsc4hjQWQ==,https://www.walmart.com/20eeOER9H5uao3snTZcYQg==,Expanded text ad,Mobile devices with full browsers,778,1,183,0,57,42,13,118,
03-10-2021,Platform 1,channel 1,DLH2GuJt0uJopHspKxKPmg==,fireshow,01-10-2021,03-10-2021,FIRE,WALLMART,Broad | adset 2,Broad,SowCbCM9exuZ+X63iu8LjQ==Mx8qJTEumedTsWDPtslNUg==SnxP7UR9LpnuNQsc4hjQWQ==,https://www.walmart.com/20eeOER9H5uao3snTZcYQg==,Expanded text ad,Computers,9,6,23,1,69,47,20,115,
03-10-2021,Platform 1,channel 1,DLH2GuJt0uJopHspKxKPmg==,fireshow,01-10-2021,03-10-2021,FIRE,WALLMART,Broad | adset 2,Broad,SowCbCM9exuZ+X63iu8LjQ==Mx8qJTEumedTsWDPtslNUg==SnxP7UR9LpnuNQsc4hjQWQ==,https://www.walmart.com/20eeOER9H5uao3snTZcYQg==,Expanded text ad,Computers,9,6,23,1,60,50,13,22,
03-10-2021,Platform 1,channel 1,DLH2GuJt0uJopHspKxKPmg==,fireshow,01-10-2021,03-10-2021,FIRE,WALLMART,Broad | adset 2,Broad,SowCbCM9exuZ+X63iu8LjQ==Mx8qJTEumedTsWDPtslNUg==SnxP7UR9LpnuNQsc4hjQWQ==,https://www.walmart.com/20eeOER9H5uao3snTZcYQg==,Expanded text ad,Computers,9,6,23,1,57,42,13,118,
03-10-2021,Platform 1,channel 1,DLH2GuJt0uJopHspKxKPmg==,fireshow,01-10-2021,03-10-2021,FIRE,WALLMART,Broad | adset 2,Broad,SowCbCM9exuZ+X63iu8LjQ==Mx8qJTEumedTsWDPtslNUg==SnxP7UR9LpnuNQsc4hjQWQ==,https://www.walmart.com/20eeOER9H5uao3snTZcYQg==,Expanded text ad,Mobile devices with full browsers,7,7,290,1,69,47,20,115,
03-10-2021,Platform 1,channel 1,DLH2GuJt0uJopHspKxKPmg==,fireshow,01-10-2021,03-10-2021,FIRE,WALLMART,Broad | adset 2,Broad,SowCbCM9exuZ+X63iu8LjQ==Mx8qJTEumedTsWDPtslNUg==SnxP7UR9LpnuNQsc4hjQWQ==,https://www.walmart.com/20eeOER9H5uao3snTZcYQg==,Expanded text ad,Mobile devices with full browsers,7,7,290,1,60,50,13,22,
03-10-2021,Platform 1,channel 1,DLH2GuJt0uJopHspKxKPmg==,fireshow,01-10-2021,03-10-2021,FIRE,WALLMART,Broad | adset 2,Broad,SowCbCM9exuZ+X63iu8LjQ==Mx8qJTEumedTsWDPtslNUg==SnxP7UR9LpnuNQsc4hjQWQ==,https://www.walmart.com/20eeOER9H5uao3snTZcYQg==,Expanded text ad,Mobile devices with full browsers,7,7,290,1,57,42,13,118,
03-10-2021,Platform 1,channel 1,DLH2GuJt0uJopHspKxKPmg==,fireshow,01-10-2021,03-10-2021,FIRE,WALLMART,Broad | adset 3,Broad,UPJnHCZFxbNIdWJJhQsaow==PedHCrxoloJCT27vOsKTtw==SnxP7UR9LpnuNQsc4hjQWQ==,https://www.walmart.com/u7bSLghhEOsb5t992QsnTQ==,Expanded text ad,Mobile devices with full browsers,1187,1,186,1,69,47,20,115,
03-10-2021,Platform 1,channel 1,DLH2GuJt0uJopHspKxKPmg==,fireshow,01-10-2021,03-10-2021,FIRE,WALLMART,Broad | adset 3,Broad,UPJnHCZFxbNIdWJJhQsaow==PedHCrxoloJCT27vOsKTtw==SnxP7UR9LpnuNQsc4hjQWQ==,https://www.walmart.com/u7bSLghhEOsb5t992QsnTQ==,Expanded text ad,Mobile devices with full browsers,1187,1,186,1,60,50,13,22,
03-10-2021,Platform 1,channel 1,DLH2GuJt0uJopHspKxKPmg==,fireshow,01-10-2021,03-10-2021,FIRE,WALLMART,Broad | adset 3,Broad,UPJnHCZFxbNIdWJJhQsaow==PedHCrxoloJCT27vOsKTtw==SnxP7UR9LpnuNQsc4hjQWQ==,https://www.walmart.com/u7bSLghhEOsb5t992QsnTQ==,Expanded text ad,Mobile devices with full browsers,1187,1,186,1,57,42,13,118,
03-10-2021,Platform 1,channel 1,DLH2GuJt0uJopHspKxKPmg==,fireshow,01-10-2021,03-10-2021,FIRE,WALLMART,Broad | adset 3,Broad,UPJnHCZFxbNIdWJJhQsaow==PedHCrxoloJCT27vOsKTtw==SnxP7UR9LpnuNQsc4hjQWQ==,https://www.walmart.com/u7bSLghhEOsb5t992QsnTQ==,Expanded text ad,Computers,25,5,150,0,69,47,20,115,
03-10-2021,Platform 1,channel 1,DLH2GuJt0uJopHspKxKPmg==,fireshow,01-10-2021,03-10-2021,FIRE,WALLMART,Broad | adset 3,Broad,UPJnHCZFxbNIdWJJhQsaow==PedHCrxoloJCT27vOsKTtw==SnxP7UR9LpnuNQsc4hjQWQ==,https://www.walmart.com/u7bSLghhEOsb5t992QsnTQ==,Expanded text ad,Computers,25,5,150,0,60,50,13,22,
03-10-2021,Platform 1,channel 1,DLH2GuJt0uJopHspKxKPmg==,fireshow,01-10-2021,03-10-2021,FIRE,WALLMART,Broad | adset 3,Broad,UPJnHCZFxbNIdWJJhQsaow==PedHCrxoloJCT27vOsKTtw==SnxP7UR9LpnuNQsc4hjQWQ==,https://www.walmart.com/u7bSLghhEOsb5t992QsnTQ==,Expanded text ad,Computers,25,5,150,0,57,42,13,118,
03-10-2021,Platform 1,channel 1,DLH2GuJt0uJopHspKxKPmg==,fireshow,01-10-2021,03-10-2021,FIRE,WALLMART,Broad | adset 3,Broad,UPJnHCZFxbNIdWJJhQsaow==PedHCrxoloJCT27vOsKTtw==SnxP7UR9LpnuNQsc4hjQWQ==,https://www.walmart.com/u7bSLghhEOsb5t992QsnTQ==,Expanded text ad,Mobile devices with full browsers,1,4,340,2,69,47,20,115,
03-10-2021,Platform 1,channel 1,DLH2GuJt0uJopHspKxKPmg==,fireshow,01-10-2021,03-10-2021,FIRE,WALLMART,Broad | adset 3,Broad,UPJnHCZFxbNIdWJJhQsaow==PedHCrxoloJCT27vOsKTtw==SnxP7UR9LpnuNQsc4hjQWQ==,https://www.walmart.com/u7bSLghhEOsb5t992QsnTQ==,Expanded text ad,Mobile devices with full browsers,1,4,340,2,60,50,13,22,
03-10-2021,Platform 1,channel 1,DLH2GuJt0uJopHspKxKPmg==,fireshow,01-10-2021,03-10-2021,FIRE,WALLMART,Broad | adset 3,Broad,UPJnHCZFxbNIdWJJhQsaow==PedHCrxoloJCT27vOsKTtw==SnxP7UR9LpnuNQsc4hjQWQ==,https://www.walmart.com/u7bSLghhEOsb5t992QsnTQ==,Expanded text ad,Mobile devices with full browsers,1,4,340,2,57,42,13,118,
03-10-2021,Platform 1,channel 1,mAm0RQx8X+Ik8LZcWCrRGw==,cinema,01-10-2021,03-10-2021,DOLBY,WALLMART,adset 4,,acfgTJol4UMLE7ZHv0QW/w==bZ+rrt6wXYg/mMlPRefMYQ==v1uajNhKz8ZqV7ikkD+zUw==,https://www.walmart.com/AK/V/FgjmBOq14Kaq+dbBA==,Expanded text ad,Mobile devices with full browsers,1387,1,232,0,66,13,0,106,
03-10-2021,Platform 1,channel 1,mAm0RQx8X+Ik8LZcWCrRGw==,cinema,01-10-2021,03-10-2021,DOLBY,WALLMART,adset 4,,acfgTJol4UMLE7ZHv0QW/w==bZ+rrt6wXYg/mMlPRefMYQ==v1uajNhKz8ZqV7ikkD+zUw==,https://www.walmart.com/AK/V/FgjmBOq14Kaq+dbBA==,Expanded text ad,Mobile devices with full browsers,1387,1,232,0,24,10,19,114,
03-10-2021,Platform 1,channel 1,mAm0RQx8X+Ik8LZcWCrRGw==,cinema,01-10-2021,03-10-2021,DOLBY,WALLMART,adset 4,,acfgTJol4UMLE7ZHv0QW/w==bZ+rrt6wXYg/mMlPRefMYQ==v1uajNhKz8ZqV7ikkD+zUw==,https://www.walmart.com/AK/V/FgjmBOq14Kaq+dbBA==,Expanded text ad,Mobile devices with full browsers,1387,1,232,0,37,28,0,57,
03-10-2021,Platform 1,channel 1,mAm0RQx8X+Ik8LZcWCrRGw==,cinema,01-10-2021,03-10-2021,DOLBY,WALLMART,adset 4,,acfgTJol4UMLE7ZHv0QW/w==bZ+rrt6wXYg/mMlPRefMYQ==v1uajNhKz8ZqV7ikkD+zUw==,https://www.walmart.com/AK/V/FgjmBOq14Kaq+dbBA==,Expanded text ad,Mobile devices with full browsers,1406,1,299,0,66,13,0,106,
03-10-2021,Platform 1,channel 1,mAm0RQx8X+Ik8LZcWCrRGw==,cinema,01-10-2021,03-10-2021,DOLBY,WALLMART,adset 4,,acfgTJol4UMLE7ZHv0QW/w==bZ+rrt6wXYg/mMlPRefMYQ==v1uajNhKz8ZqV7ikkD+zUw==,https://www.walmart.com/AK/V/FgjmBOq14Kaq+dbBA==,Expanded text ad,Mobile devices with full browsers,1406,1,299,0,24,10,19,114,
03-10-2021,Platform 1,channel 1,mAm0RQx8X+Ik8LZcWCrRGw==,cinema,01-10-2021,03-10-2021,DOLBY,WALLMART,adset 4,,acfgTJol4UMLE7ZHv0QW/w==bZ+rrt6wXYg/mMlPRefMYQ==v1uajNhKz8ZqV7ikkD+zUw==,https://www.walmart.com/AK/V/FgjmBOq14Kaq+dbBA==,Expanded text ad,Mobile devices with full browsers,1406,1,299,0,37,28,0,57,
03-10-2021,Platform 1,channel 1,mAm0RQx8X+Ik8LZcWCrRGw==,cinema,01-10-2021,03-10-2021,DOLBY,WALLMART,adset 4,,acfgTJol4UMLE7ZHv0QW/w==bZ+rrt6wXYg/mMlPRefMYQ==v1uajNhKz8ZqV7ikkD+zUw==,https://www.walmart.com/AK/V/FgjmBOq14Kaq+dbBA==,Expanded text ad,Tablets with full browsers,10,7,40,2,66,13,0,106,
03-10-2021,Platform 1,channel 1,mAm0RQx8X+Ik8LZcWCrRGw==,cinema,01-10-2021,03-10-2021,DOLBY,WALLMART,adset 4,,acfgTJol4UMLE7ZHv0QW/w==bZ+rrt6wXYg/mMlPRefMYQ==v1uajNhKz8ZqV7ikkD+zUw==,https://www.walmart.com/AK/V/FgjmBOq14Kaq+dbBA==,Expanded text ad,Tablets with full browsers,10,7,40,2,24,10,19,114,
03-10-2021,Platform 1,channel 1,mAm0RQx8X+Ik8LZcWCrRGw==,cinema,01-10-2021,03-10-2021,DOLBY,WALLMART,adset 4,,acfgTJol4UMLE7ZHv0QW/w==bZ+rrt6wXYg/mMlPRefMYQ==v1uajNhKz8ZqV7ikkD+zUw==,https://www.walmart.com/AK/V/FgjmBOq14Kaq+dbBA==,Expanded text ad,Tablets with full browsers,10,7,40,2,37,28,0,57,
03-10-2021,Platform 1,channel 1,mAm0RQx8X+Ik8LZcWCrRGw==,cinema,01-10-2021,03-10-2021,DOLBY,WALLMART,adset 4,,acfgTJol4UMLE7ZHv0QW/w==bZ+rrt6wXYg/mMlPRefMYQ==v1uajNhKz8ZqV7ikkD+zUw==,https://www.walmart.com/AK/V/FgjmBOq14Kaq+dbBA==,Expanded text ad,Mobile devices with full browsers,17,0,94,0,66,13,0,106,
03-10-2021,Platform 1,channel 1,mAm0RQx8X+Ik8LZcWCrRGw==,cinema,01-10-2021,03-10-2021,DOLBY,WALLMART,adset 4,,acfgTJol4UMLE7ZHv0QW/w==bZ+rrt6wXYg/mMlPRefMYQ==v1uajNhKz8ZqV7ikkD+zUw==,https://www.walmart.com/AK/V/FgjmBOq14Kaq+dbBA==,Expanded text ad,Mobile devices with full browsers,17,0,94,0,24,10,19,114,
03-10-2021,Platform 1,channel 1,mAm0RQx8X+Ik8LZcWCrRGw==,cinema,01-10-2021,03-10-2021,DOLBY,WALLMART,adset 4,,acfgTJol4UMLE7ZHv0QW/w==bZ+rrt6wXYg/mMlPRefMYQ==v1uajNhKz8ZqV7ikkD+zUw==,https://www.walmart.com/AK/V/FgjmBOq14Kaq+dbBA==,Expanded text ad,Mobile devices with full browsers,17,0,94,0,37,28,0,57,
03-10-2021,Platform 1,channel 1,mAm0RQx8X+Ik8LZcWCrRGw==,cinema,01-10-2021,03-10-2021,DOLBY,WALLMART,adset 5,,acfgTJol4UMLE7ZHv0QW/w==hUiItm0I9kR01VZNoN32kg==v1uajNhKz8ZqV7ikkD+zUw==,https://www.walmart.com/AK/V/FgjmBOq14Kaq+dbBA==,Expanded text ad,Mobile devices with full browsers,4082,3,18,1,66,13,0,106,
03-10-2021,Platform 1,channel 1,mAm0RQx8X+Ik8LZcWCrRGw==,cinema,01-10-2021,03-10-2021,DOLBY,WALLMART,adset 5,,acfgTJol4UMLE7ZHv0QW/w==hUiItm0I9kR01VZNoN32kg==v1uajNhKz8ZqV7ikkD+zUw==,https://www.walmart.com/AK/V/FgjmBOq14Kaq+dbBA==,Expanded text ad,Mobile devices with full browsers,4082,3,18,1,24,10,19,114,
03-10-2021,Platform 1,channel 1,mAm0RQx8X+Ik8LZcWCrRGw==,cinema,01-10-2021,03-10-2021,DOLBY,WALLMART,adset 5,,acfgTJol4UMLE7ZHv0QW/w==hUiItm0I9kR01VZNoN32kg==v1uajNhKz8ZqV7ikkD+zUw==,https://www.walmart.com/AK/V/FgjmBOq14Kaq+dbBA==,Expanded text ad,Mobile devices with full browsers,4082,3,18,1,37,28,0,57,
03-10-2021,Platform 1,channel 1,mAm0RQx8X+Ik8LZcWCrRGw==,cinema,01-10-2021,03-10-2021,DOLBY,WALLMART,adset 5,,acfgTJol4UMLE7ZHv0QW/w==hUiItm0I9kR01VZNoN32kg==v1uajNhKz8ZqV7ikkD+zUw==,https://www.walmart.com/AK/V/FgjmBOq14Kaq+dbBA==,Expanded text ad,Mobile devices with full browsers,79,2,132,0,66,13,0,106,
03-10-2021,Platform 1,channel 1,mAm0RQx8X+Ik8LZcWCrRGw==,cinema,01-10-2021,03-10-2021,DOLBY,WALLMART,adset 5,,acfgTJol4UMLE7ZHv0QW/w==hUiItm0I9kR01VZNoN32kg==v1uajNhKz8ZqV7ikkD+zUw==,https://www.walmart.com/AK/V/FgjmBOq14Kaq+dbBA==,Expanded text ad,Mobile devices with full browsers,79,2,132,0,24,10,19,114,
03-10-2021,Platform 1,channel 1,mAm0RQx8X+Ik8LZcWCrRGw==,cinema,01-10-2021,03-10-2021,DOLBY,WALLMART,adset 5,,acfgTJol4UMLE7ZHv0QW/w==hUiItm0I9kR01VZNoN32kg==v1uajNhKz8ZqV7ikkD+zUw==,https://www.walmart.com/AK/V/FgjmBOq14Kaq+dbBA==,Expanded text ad,Mobile devices with full browsers,79,2,132,0,37,28,0,57,
03-10-2021,Platform 1,channel 1,mAm0RQx8X+Ik8LZcWCrRGw==,cinema,01-10-2021,03-10-2021,DOLBY,WALLMART,adset 5,,acfgTJol4UMLE7ZHv0QW/w==hUiItm0I9kR01VZNoN32kg==v1uajNhKz8ZqV7ikkD+zUw==,https://www.walmart.com/AK/V/FgjmBOq14Kaq+dbBA==,Expanded text ad,Mobile devices with full browsers,72,2,274,0,66,13,0,106,
03-10-2021,Platform 1,channel 1,mAm0RQx8X+Ik8LZcWCrRGw==,cinema,01-10-2021,03-10-2021,DOLBY,WALLMART,adset 5,,acfgTJol4UMLE7ZHv0QW/w==hUiItm0I9kR01VZNoN32kg==v1uajNhKz8ZqV7ikkD+zUw==,https://www.walmart.com/AK/V/FgjmBOq14Kaq+dbBA==,Expanded text ad,Mobile devices with full browsers,72,2,274,0,24,10,19,114,
03-10-2021,Platform 1,channel 1,mAm0RQx8X+Ik8LZcWCrRGw==,cinema,01-10-2021,03-10-2021,DOLBY,WALLMART,adset 5,,acfgTJol4UMLE7ZHv0QW/w==hUiItm0I9kR01VZNoN32kg==v1uajNhKz8ZqV7ikkD+zUw==,https://www.walmart.com/AK/V/FgjmBOq14Kaq+dbBA==,Expanded text ad,Mobile devices with full browsers,72,2,274,0,37,28,0,57,
